-- phpMyAdmin SQL Dump
-- version 5.0.4
-- https://www.phpmyadmin.net/
--
-- Host: 127.0.0.1:3306
-- Generation Time: Jun 28, 2021 at 04:51 PM
-- Server version: 5.7.29-log
-- PHP Version: 7.3.26

SET SQL_MODE = "NO_AUTO_VALUE_ON_ZERO";
START TRANSACTION;
SET time_zone = "+00:00";


/*!40101 SET @OLD_CHARACTER_SET_CLIENT=@@CHARACTER_SET_CLIENT */;
/*!40101 SET @OLD_CHARACTER_SET_RESULTS=@@CHARACTER_SET_RESULTS */;
/*!40101 SET @OLD_COLLATION_CONNECTION=@@COLLATION_CONNECTION */;
/*!40101 SET NAMES utf8mb4 */;

--
-- Database: `feature`
--

-- --------------------------------------------------------

--
-- Table structure for table `admin`
--

CREATE TABLE `admin` (
  `id` bigint(20) UNSIGNED NOT NULL,
  `name` varchar(255) COLLATE utf8mb4_unicode_ci NOT NULL,
  `email` varchar(255) COLLATE utf8mb4_unicode_ci NOT NULL,
  `email_verified_at` timestamp NULL DEFAULT NULL,
  `password` varchar(255) COLLATE utf8mb4_unicode_ci NOT NULL,
  `remember_token` varchar(100) COLLATE utf8mb4_unicode_ci DEFAULT NULL,
  `created_at` timestamp NULL DEFAULT NULL,
  `updated_at` timestamp NULL DEFAULT NULL,
  `username` varchar(255) COLLATE utf8mb4_unicode_ci DEFAULT NULL
) ENGINE=InnoDB DEFAULT CHARSET=utf8mb4 COLLATE=utf8mb4_unicode_ci;

--
-- Dumping data for table `admin`
--

INSERT INTO `admin` (`id`, `name`, `email`, `email_verified_at`, `password`, `remember_token`, `created_at`, `updated_at`, `username`) VALUES
(1, 'Jon Smith', 'admin@gmail.com', '2021-03-21 12:07:42', '$2y$10$.I/Y1Am6z0i34n2Rupc3c.hjQtRUnDGRcWy4weY3gdn02bsVbWtiW', NULL, NULL, '2021-03-29 09:00:01', 'admin');

-- --------------------------------------------------------

--
-- Table structure for table `blog`
--

CREATE TABLE `blog` (
  `id` int(11) NOT NULL,
  `system_name` varchar(255) DEFAULT '',
  `title` varchar(255) DEFAULT NULL,
  `description` varchar(255) DEFAULT '',
  `text` longtext,
  `published` tinyint(4) DEFAULT '1',
  `created_at` date DEFAULT NULL,
  `ordering` int(11) DEFAULT NULL,
  `image_id` int(11) DEFAULT NULL
) ENGINE=InnoDB DEFAULT CHARSET=utf8;

--
-- Dumping data for table `blog`
--

INSERT INTO `blog` (`id`, `system_name`, `title`, `description`, `text`, `published`, `created_at`, `ordering`, `image_id`) VALUES
(13, '', 'aaaa', '<p>asdasdas1</p>', '<p>asdasd2</p>', 0, NULL, NULL, 0),
(14, '', 'sdfgsdfg', NULL, NULL, 1, NULL, NULL, 33);

-- --------------------------------------------------------

--
-- Table structure for table `calendar|timezones`
--

CREATE TABLE `calendar|timezones` (
  `CountryCode` char(2) NOT NULL,
  `Coordinates` char(15) NOT NULL,
  `TimeZone` char(32) NOT NULL,
  `Comments` varchar(85) NOT NULL,
  `UTC offset` char(8) NOT NULL,
  `UTC DST offset` char(8) NOT NULL,
  `Notes` varchar(79) DEFAULT NULL
) ENGINE=InnoDB DEFAULT CHARSET=utf8;

--
-- Dumping data for table `calendar|timezones`
--

INSERT INTO `calendar|timezones` (`CountryCode`, `Coordinates`, `TimeZone`, `Comments`, `UTC offset`, `UTC DST offset`, `Notes`) VALUES
('CI', '+0519-00402', 'Africa/Abidjan', '', '+00:00', '+00:00', ''),
('GH', '+0533-00013', 'Africa/Accra', '', '+00:00', '+00:00', ''),
('ET', '+0902+03842', 'Africa/Addis_Ababa', '', '+03:00', '+03:00', ''),
('DZ', '+3647+00303', 'Africa/Algiers', '', '+01:00', '+01:00', ''),
('ER', '+1520+03853', 'Africa/Asmara', '', '+03:00', '+03:00', ''),
('', '', 'Africa/Asmera', '', '+03:00', '+03:00', 'Link to Africa/Asmara'),
('ML', '+1239-00800', 'Africa/Bamako', '', '+00:00', '+00:00', ''),
('CF', '+0422+01835', 'Africa/Bangui', '', '+01:00', '+01:00', ''),
('GM', '+1328-01639', 'Africa/Banjul', '', '+00:00', '+00:00', ''),
('GW', '+1151-01535', 'Africa/Bissau', '', '+00:00', '+00:00', ''),
('MW', '-1547+03500', 'Africa/Blantyre', '', '+02:00', '+02:00', ''),
('CG', '-0416+01517', 'Africa/Brazzaville', '', '+01:00', '+01:00', ''),
('BI', '-0323+02922', 'Africa/Bujumbura', '', '+02:00', '+02:00', ''),
('EG', '+3003+03115', 'Africa/Cairo', '', '+02:00', '+02:00', 'DST has been canceled since 2011'),
('MA', '+3339-00735', 'Africa/Casablanca', '', '+00:00', '+01:00', ''),
('ES', '+3553-00519', 'Africa/Ceuta', 'Ceuta & Melilla', '+01:00', '+02:00', ''),
('GN', '+0931-01343', 'Africa/Conakry', '', '+00:00', '+00:00', ''),
('SN', '+1440-01726', 'Africa/Dakar', '', '+00:00', '+00:00', ''),
('TZ', '-0648+03917', 'Africa/Dar_es_Salaam', '', '+03:00', '+03:00', ''),
('DJ', '+1136+04309', 'Africa/Djibouti', '', '+03:00', '+03:00', ''),
('CM', '+0403+00942', 'Africa/Douala', '', '+01:00', '+01:00', ''),
('EH', '+2709-01312', 'Africa/El_Aaiun', '', '+00:00', '+00:00', ''),
('SL', '+0830-01315', 'Africa/Freetown', '', '+00:00', '+00:00', ''),
('BW', '-2439+02555', 'Africa/Gaborone', '', '+02:00', '+02:00', ''),
('ZW', '-1750+03103', 'Africa/Harare', '', '+02:00', '+02:00', ''),
('ZA', '-2615+02800', 'Africa/Johannesburg', '', '+02:00', '+02:00', ''),
('SS', '+0451+03136', 'Africa/Juba', '', '+03:00', '+03:00', ''),
('UG', '+0019+03225', 'Africa/Kampala', '', '+03:00', '+03:00', ''),
('SD', '+1536+03232', 'Africa/Khartoum', '', '+03:00', '+03:00', ''),
('RW', '-0157+03004', 'Africa/Kigali', '', '+02:00', '+02:00', ''),
('CD', '-0418+01518', 'Africa/Kinshasa', 'west Dem. Rep. of Congo', '+01:00', '+01:00', ''),
('NG', '+0627+00324', 'Africa/Lagos', '', '+01:00', '+01:00', ''),
('GA', '+0023+00927', 'Africa/Libreville', '', '+01:00', '+01:00', ''),
('TG', '+0608+00113', 'Africa/Lome', '', '+00:00', '+00:00', ''),
('AO', '-0848+01314', 'Africa/Luanda', '', '+01:00', '+01:00', ''),
('CD', '-1140+02728', 'Africa/Lubumbashi', 'east Dem. Rep. of Congo', '+02:00', '+02:00', ''),
('ZM', '-1525+02817', 'Africa/Lusaka', '', '+02:00', '+02:00', ''),
('GQ', '+0345+00847', 'Africa/Malabo', '', '+01:00', '+01:00', ''),
('MZ', '-2558+03235', 'Africa/Maputo', '', '+02:00', '+02:00', ''),
('LS', '-2928+02730', 'Africa/Maseru', '', '+02:00', '+02:00', ''),
('SZ', '-2618+03106', 'Africa/Mbabane', '', '+02:00', '+02:00', ''),
('SO', '+0204+04522', 'Africa/Mogadishu', '', '+03:00', '+03:00', ''),
('LR', '+0618-01047', 'Africa/Monrovia', '', '+00:00', '+00:00', ''),
('KE', '-0117+03649', 'Africa/Nairobi', '', '+03:00', '+03:00', ''),
('TD', '+1207+01503', 'Africa/Ndjamena', '', '+01:00', '+01:00', ''),
('NE', '+1331+00207', 'Africa/Niamey', '', '+01:00', '+01:00', ''),
('MR', '+1806-01557', 'Africa/Nouakchott', '', '+00:00', '+00:00', ''),
('BF', '+1222-00131', 'Africa/Ouagadougou', '', '+00:00', '+00:00', ''),
('BJ', '+0629+00237', 'Africa/Porto-Novo', '', '+01:00', '+01:00', ''),
('ST', '+0020+00644', 'Africa/Sao_Tome', '', '+00:00', '+00:00', ''),
('', '', 'Africa/Timbuktu', '', '+00:00', '+00:00', 'Link to Africa/Bamako'),
('LY', '+3254+01311', 'Africa/Tripoli', '', '+01:00', '+02:00', ''),
('TN', '+3648+01011', 'Africa/Tunis', '', '+01:00', '+01:00', ''),
('NA', '-2234+01706', 'Africa/Windhoek', '', '+01:00', '+02:00', ''),
('', '', 'AKST9AKDT', '', '−09:00', '−08:00', 'Link to America/Anchorage'),
('US', '+515248-1763929', 'America/Adak', 'Aleutian Islands', '−10:00', '−09:00', ''),
('US', '+611305-1495401', 'America/Anchorage', 'Alaska Time', '−09:00', '−08:00', ''),
('AI', '+1812-06304', 'America/Anguilla', '', '−04:00', '−04:00', ''),
('AG', '+1703-06148', 'America/Antigua', '', '−04:00', '−04:00', ''),
('BR', '-0712-04812', 'America/Araguaina', 'Tocantins', '−03:00', '−03:00', ''),
('AR', '-3436-05827', 'America/Argentina/Buenos_Aires', 'Buenos Aires (BA, CF)', '−03:00', '−03:00', ''),
('AR', '-2828-06547', 'America/Argentina/Catamarca', 'Catamarca (CT), Chubut (CH)', '−03:00', '−03:00', ''),
('', '', 'America/Argentina/ComodRivadavia', '', '−03:00', '−03:00', 'Link to America/Argentina/Catamarca'),
('AR', '-3124-06411', 'America/Argentina/Cordoba', 'most locations (CB, CC, CN, ER, FM, MN, SE, SF)', '−03:00', '−03:00', ''),
('AR', '-2411-06518', 'America/Argentina/Jujuy', 'Jujuy (JY)', '−03:00', '−03:00', ''),
('AR', '-2926-06651', 'America/Argentina/La_Rioja', 'La Rioja (LR)', '−03:00', '−03:00', ''),
('AR', '-3253-06849', 'America/Argentina/Mendoza', 'Mendoza (MZ)', '−03:00', '−03:00', ''),
('AR', '-5138-06913', 'America/Argentina/Rio_Gallegos', 'Santa Cruz (SC)', '−03:00', '−03:00', ''),
('AR', '-2447-06525', 'America/Argentina/Salta', '(SA, LP, NQ, RN)', '−03:00', '−03:00', ''),
('AR', '-3132-06831', 'America/Argentina/San_Juan', 'San Juan (SJ)', '−03:00', '−03:00', ''),
('AR', '-3319-06621', 'America/Argentina/San_Luis', 'San Luis (SL)', '−03:00', '−03:00', ''),
('AR', '-2649-06513', 'America/Argentina/Tucuman', 'Tucuman (TM)', '−03:00', '−03:00', ''),
('AR', '-5448-06818', 'America/Argentina/Ushuaia', 'Tierra del Fuego (TF)', '−03:00', '−03:00', ''),
('AW', '+1230-06958', 'America/Aruba', '', '−04:00', '−04:00', ''),
('PY', '-2516-05740', 'America/Asuncion', '', '−04:00', '−03:00', ''),
('CA', '+484531-0913718', 'America/Atikokan', 'Eastern Standard Time - Atikokan, Ontario and Southampton I, Nunavut', '−05:00', '−05:00', ''),
('', '', 'America/Atka', '', '−10:00', '−09:00', 'Link to America/Adak'),
('BR', '-1259-03831', 'America/Bahia', 'Bahia', '−03:00', '−03:00', ''),
('MX', '+2048-10515', 'America/Bahia_Banderas', 'Mexican Central Time - Bahia de Banderas', '−06:00', '−05:00', ''),
('BB', '+1306-05937', 'America/Barbados', '', '−04:00', '−04:00', ''),
('BR', '-0127-04829', 'America/Belem', 'Amapa, E Para', '−03:00', '−03:00', ''),
('BZ', '+1730-08812', 'America/Belize', '', '−06:00', '−06:00', ''),
('CA', '+5125-05707', 'America/Blanc-Sablon', 'Atlantic Standard Time - Quebec - Lower North Shore', '−04:00', '−04:00', ''),
('BR', '+0249-06040', 'America/Boa_Vista', 'Roraima', '−04:00', '−04:00', ''),
('CO', '+0436-07405', 'America/Bogota', '', '−05:00', '−05:00', ''),
('US', '+433649-1161209', 'America/Boise', 'Mountain Time - south Idaho & east Oregon', '−07:00', '−06:00', ''),
('', '', 'America/Buenos_Aires', '', '−03:00', '−03:00', 'Link to America/Argentina/Buenos_Aires'),
('CA', '+690650-1050310', 'America/Cambridge_Bay', 'Mountain Time - west Nunavut', '−07:00', '−06:00', ''),
('BR', '-2027-05437', 'America/Campo_Grande', 'Mato Grosso do Sul', '−04:00', '−03:00', ''),
('MX', '+2105-08646', 'America/Cancun', 'Central Time - Quintana Roo', '−06:00', '−05:00', ''),
('VE', '+1030-06656', 'America/Caracas', '', '−04:30', '−04:30', ''),
('', '', 'America/Catamarca', '', '−03:00', '−03:00', 'Link to America/Argentina/Catamarca'),
('GF', '+0456-05220', 'America/Cayenne', '', '−03:00', '−03:00', ''),
('KY', '+1918-08123', 'America/Cayman', '', '−05:00', '−05:00', ''),
('US', '+415100-0873900', 'America/Chicago', 'Central Time', '−06:00', '−05:00', ''),
('MX', '+2838-10605', 'America/Chihuahua', 'Mexican Mountain Time - Chihuahua away from US border', '−07:00', '−06:00', ''),
('', '', 'America/Coral_Harbour', '', '−05:00', '−05:00', 'Link to America/Atikokan'),
('', '', 'America/Cordoba', '', '−03:00', '−03:00', 'Link to America/Argentina/Cordoba'),
('CR', '+0956-08405', 'America/Costa_Rica', '', '−06:00', '−06:00', ''),
('CA', '+4906-11631', 'America/Creston', 'Mountain Standard Time - Creston, British Columbia', '−07:00', '−07:00', ''),
('BR', '-1535-05605', 'America/Cuiaba', 'Mato Grosso', '−04:00', '−03:00', ''),
('CW', '+1211-06900', 'America/Curacao', '', '−04:00', '−04:00', ''),
('GL', '+7646-01840', 'America/Danmarkshavn', 'east coast, north of Scoresbysund', '+00:00', '+00:00', ''),
('CA', '+6404-13925', 'America/Dawson', 'Pacific Time - north Yukon', '−08:00', '−07:00', ''),
('CA', '+5946-12014', 'America/Dawson_Creek', 'Mountain Standard Time - Dawson Creek & Fort Saint John, British Columbia', '−07:00', '−07:00', ''),
('US', '+394421-1045903', 'America/Denver', 'Mountain Time', '−07:00', '−06:00', ''),
('US', '+421953-0830245', 'America/Detroit', 'Eastern Time - Michigan - most locations', '−05:00', '−04:00', ''),
('DM', '+1518-06124', 'America/Dominica', '', '−04:00', '−04:00', ''),
('CA', '+5333-11328', 'America/Edmonton', 'Mountain Time - Alberta, east British Columbia & west Saskatchewan', '−07:00', '−06:00', ''),
('BR', '-0640-06952', 'America/Eirunepe', 'W Amazonas', '−04:00', '−04:00', ''),
('SV', '+1342-08912', 'America/El_Salvador', '', '−06:00', '−06:00', ''),
('', '', 'America/Ensenada', '', '−08:00', '−07:00', 'Link to America/Tijuana'),
('BR', '-0343-03830', 'America/Fortaleza', 'NE Brazil (MA, PI, CE, RN, PB)', '−03:00', '−03:00', ''),
('', '', 'America/Fort_Wayne', '', '−05:00', '−04:00', 'Link to America/Indiana/Indianapolis'),
('CA', '+4612-05957', 'America/Glace_Bay', 'Atlantic Time - Nova Scotia - places that did not observe DST 1966-1971', '−04:00', '−03:00', ''),
('GL', '+6411-05144', 'America/Godthab', 'most locations', '−03:00', '−02:00', ''),
('CA', '+5320-06025', 'America/Goose_Bay', 'Atlantic Time - Labrador - most locations', '−04:00', '−03:00', ''),
('TC', '+2128-07108', 'America/Grand_Turk', '', '−05:00', '−04:00', ''),
('GD', '+1203-06145', 'America/Grenada', '', '−04:00', '−04:00', ''),
('GP', '+1614-06132', 'America/Guadeloupe', '', '−04:00', '−04:00', ''),
('GT', '+1438-09031', 'America/Guatemala', '', '−06:00', '−06:00', ''),
('EC', '-0210-07950', 'America/Guayaquil', 'mainland', '−05:00', '−05:00', ''),
('GY', '+0648-05810', 'America/Guyana', '', '−04:00', '−04:00', ''),
('CA', '+4439-06336', 'America/Halifax', 'Atlantic Time - Nova Scotia (most places), PEI', '−04:00', '−03:00', ''),
('CU', '+2308-08222', 'America/Havana', '', '−05:00', '−04:00', ''),
('MX', '+2904-11058', 'America/Hermosillo', 'Mountain Standard Time - Sonora', '−07:00', '−07:00', ''),
('US', '+394606-0860929', 'America/Indiana/Indianapolis', 'Eastern Time - Indiana - most locations', '−05:00', '−04:00', ''),
('US', '+411745-0863730', 'America/Indiana/Knox', 'Central Time - Indiana - Starke County', '−06:00', '−05:00', ''),
('US', '+382232-0862041', 'America/Indiana/Marengo', 'Eastern Time - Indiana - Crawford County', '−05:00', '−04:00', ''),
('US', '+382931-0871643', 'America/Indiana/Petersburg', 'Eastern Time - Indiana - Pike County', '−05:00', '−04:00', ''),
('US', '+375711-0864541', 'America/Indiana/Tell_City', 'Central Time - Indiana - Perry County', '−06:00', '−05:00', ''),
('US', '+384452-0850402', 'America/Indiana/Vevay', 'Eastern Time - Indiana - Switzerland County', '−05:00', '−04:00', ''),
('US', '+384038-0873143', 'America/Indiana/Vincennes', 'Eastern Time - Indiana - Daviess, Dubois, Knox & Martin Counties', '−05:00', '−04:00', ''),
('US', '+410305-0863611', 'America/Indiana/Winamac', 'Eastern Time - Indiana - Pulaski County', '−05:00', '−04:00', ''),
('', '', 'America/Indianapolis', '', '−05:00', '−04:00', 'Link to America/Indiana/Indianapolis'),
('CA', '+682059-1334300', 'America/Inuvik', 'Mountain Time - west Northwest Territories', '−07:00', '−06:00', ''),
('CA', '+6344-06828', 'America/Iqaluit', 'Eastern Time - east Nunavut - most locations', '−05:00', '−04:00', ''),
('JM', '+1800-07648', 'America/Jamaica', '', '−05:00', '−05:00', ''),
('', '', 'America/Jujuy', '', '−03:00', '−03:00', 'Link to America/Argentina/Jujuy'),
('US', '+581807-1342511', 'America/Juneau', 'Alaska Time - Alaska panhandle', '−09:00', '−08:00', ''),
('US', '+381515-0854534', 'America/Kentucky/Louisville', 'Eastern Time - Kentucky - Louisville area', '−05:00', '−04:00', ''),
('US', '+364947-0845057', 'America/Kentucky/Monticello', 'Eastern Time - Kentucky - Wayne County', '−05:00', '−04:00', ''),
('', '', 'America/Knox_IN', '', '−06:00', '−05:00', 'Link to America/Indiana/Knox'),
('BQ', '+120903-0681636', 'America/Kralendijk', '', '−04:00', '−04:00', 'Link to America/Curacao'),
('BO', '-1630-06809', 'America/La_Paz', '', '−04:00', '−04:00', ''),
('PE', '-1203-07703', 'America/Lima', '', '−05:00', '−05:00', ''),
('US', '+340308-1181434', 'America/Los_Angeles', 'Pacific Time', '−08:00', '−07:00', ''),
('', '', 'America/Louisville', '', '−05:00', '−04:00', 'Link to America/Kentucky/Louisville'),
('SX', '+180305-0630250', 'America/Lower_Princes', '', '−04:00', '−04:00', 'Link to America/Curacao'),
('BR', '-0940-03543', 'America/Maceio', 'Alagoas, Sergipe', '−03:00', '−03:00', ''),
('NI', '+1209-08617', 'America/Managua', '', '−06:00', '−06:00', ''),
('BR', '-0308-06001', 'America/Manaus', 'E Amazonas', '−04:00', '−04:00', ''),
('MF', '+1804-06305', 'America/Marigot', '', '−04:00', '−04:00', 'Link to America/Guadeloupe'),
('MQ', '+1436-06105', 'America/Martinique', '', '−04:00', '−04:00', ''),
('MX', '+2550-09730', 'America/Matamoros', 'US Central Time - Coahuila, Durango, Nuevo León, Tamaulipas near US border', '−06:00', '−05:00', ''),
('MX', '+2313-10625', 'America/Mazatlan', 'Mountain Time - S Baja, Nayarit, Sinaloa', '−07:00', '−06:00', ''),
('', '', 'America/Mendoza', '', '−03:00', '−03:00', 'Link to America/Argentina/Mendoza'),
('US', '+450628-0873651', 'America/Menominee', 'Central Time - Michigan - Dickinson, Gogebic, Iron & Menominee Counties', '−06:00', '−05:00', ''),
('MX', '+2058-08937', 'America/Merida', 'Central Time - Campeche, Yucatán', '−06:00', '−05:00', ''),
('US', '+550737-1313435', 'America/Metlakatla', 'Metlakatla Time - Annette Island', '−08:00', '−08:00', ''),
('MX', '+1924-09909', 'America/Mexico_City', 'Central Time - most locations', '−06:00', '−05:00', ''),
('PM', '+4703-05620', 'America/Miquelon', '', '−03:00', '−02:00', ''),
('CA', '+4606-06447', 'America/Moncton', 'Atlantic Time - New Brunswick', '−04:00', '−03:00', ''),
('MX', '+2540-10019', 'America/Monterrey', 'Mexican Central Time - Coahuila, Durango, Nuevo León, Tamaulipas away from US border', '−06:00', '−05:00', ''),
('UY', '-3453-05611', 'America/Montevideo', '', '−03:00', '−02:00', ''),
('CA', '+4531-07334', 'America/Montreal', 'Eastern Time - Quebec - most locations', '−05:00', '−04:00', ''),
('MS', '+1643-06213', 'America/Montserrat', '', '−04:00', '−04:00', ''),
('BS', '+2505-07721', 'America/Nassau', '', '−05:00', '−04:00', ''),
('US', '+404251-0740023', 'America/New_York', 'Eastern Time', '−05:00', '−04:00', ''),
('CA', '+4901-08816', 'America/Nipigon', 'Eastern Time - Ontario & Quebec - places that did not observe DST 1967-1973', '−05:00', '−04:00', ''),
('US', '+643004-1652423', 'America/Nome', 'Alaska Time - west Alaska', '−09:00', '−08:00', ''),
('BR', '-0351-03225', 'America/Noronha', 'Atlantic islands', '−02:00', '−02:00', ''),
('US', '+471551-1014640', 'America/North_Dakota/Beulah', 'Central Time - North Dakota - Mercer County', '−06:00', '−05:00', ''),
('US', '+470659-1011757', 'America/North_Dakota/Center', 'Central Time - North Dakota - Oliver County', '−06:00', '−05:00', ''),
('US', '+465042-1012439', 'America/North_Dakota/New_Salem', 'Central Time - North Dakota - Morton County (except Mandan area)', '−06:00', '−05:00', ''),
('MX', '+2934-10425', 'America/Ojinaga', 'US Mountain Time - Chihuahua near US border', '−07:00', '−06:00', ''),
('PA', '+0858-07932', 'America/Panama', '', '−05:00', '−05:00', ''),
('CA', '+6608-06544', 'America/Pangnirtung', 'Eastern Time - Pangnirtung, Nunavut', '−05:00', '−04:00', ''),
('SR', '+0550-05510', 'America/Paramaribo', '', '−03:00', '−03:00', ''),
('US', '+332654-1120424', 'America/Phoenix', 'Mountain Standard Time - Arizona', '−07:00', '−07:00', ''),
('HT', '+1832-07220', 'America/Port-au-Prince', '', '−05:00', '−04:00', ''),
('', '', 'America/Porto_Acre', '', '−04:00', '−04:00', 'Link to America/Rio_Branco'),
('BR', '-0846-06354', 'America/Porto_Velho', 'Rondonia', '−04:00', '−04:00', ''),
('TT', '+1039-06131', 'America/Port_of_Spain', '', '−04:00', '−04:00', ''),
('PR', '+182806-0660622', 'America/Puerto_Rico', '', '−04:00', '−04:00', ''),
('CA', '+4843-09434', 'America/Rainy_River', 'Central Time - Rainy River & Fort Frances, Ontario', '−06:00', '−05:00', ''),
('CA', '+624900-0920459', 'America/Rankin_Inlet', 'Central Time - central Nunavut', '−06:00', '−05:00', ''),
('BR', '-0803-03454', 'America/Recife', 'Pernambuco', '−03:00', '−03:00', ''),
('CA', '+5024-10439', 'America/Regina', 'Central Standard Time - Saskatchewan - most locations', '−06:00', '−06:00', ''),
('CA', '+744144-0944945', 'America/Resolute', 'Central Standard Time - Resolute, Nunavut', '−06:00', '−05:00', ''),
('BR', '-0958-06748', 'America/Rio_Branco', 'Acre', '−04:00', '−04:00', ''),
('', '', 'America/Rosario', '', '−03:00', '−03:00', 'Link to America/Argentina/Cordoba'),
('BR', '-0226-05452', 'America/Santarem', 'W Para', '−03:00', '−03:00', ''),
('MX', '+3018-11452', 'America/Santa_Isabel', 'Mexican Pacific Time - Baja California away from US border', '−08:00', '−07:00', ''),
('CL', '-3327-07040', 'America/Santiago', 'most locations', '−04:00', '−03:00', ''),
('DO', '+1828-06954', 'America/Santo_Domingo', '', '−04:00', '−04:00', ''),
('BR', '-2332-04637', 'America/Sao_Paulo', 'S & SE Brazil (GO, DF, MG, ES, RJ, SP, PR, SC, RS)', '−03:00', '−02:00', ''),
('GL', '+7029-02158', 'America/Scoresbysund', 'Scoresbysund / Ittoqqortoormiit', '−01:00', '+00:00', ''),
('US', '+364708-1084111', 'America/Shiprock', 'Mountain Time - Navajo', '−07:00', '−06:00', 'Link to America/Denver'),
('US', '+571035-1351807', 'America/Sitka', 'Alaska Time - southeast Alaska panhandle', '−09:00', '−08:00', ''),
('BL', '+1753-06251', 'America/St_Barthelemy', '', '−04:00', '−04:00', 'Link to America/Guadeloupe'),
('CA', '+4734-05243', 'America/St_Johns', 'Newfoundland Time, including SE Labrador', '−03:30', '−02:30', ''),
('KN', '+1718-06243', 'America/St_Kitts', '', '−04:00', '−04:00', ''),
('LC', '+1401-06100', 'America/St_Lucia', '', '−04:00', '−04:00', ''),
('VI', '+1821-06456', 'America/St_Thomas', '', '−04:00', '−04:00', ''),
('VC', '+1309-06114', 'America/St_Vincent', '', '−04:00', '−04:00', ''),
('CA', '+5017-10750', 'America/Swift_Current', 'Central Standard Time - Saskatchewan - midwest', '−06:00', '−06:00', ''),
('HN', '+1406-08713', 'America/Tegucigalpa', '', '−06:00', '−06:00', ''),
('GL', '+7634-06847', 'America/Thule', 'Thule / Pituffik', '−04:00', '−03:00', ''),
('CA', '+4823-08915', 'America/Thunder_Bay', 'Eastern Time - Thunder Bay, Ontario', '−05:00', '−04:00', ''),
('MX', '+3232-11701', 'America/Tijuana', 'US Pacific Time - Baja California near US border', '−08:00', '−07:00', ''),
('CA', '+4339-07923', 'America/Toronto', 'Eastern Time - Ontario - most locations', '−05:00', '−04:00', ''),
('VG', '+1827-06437', 'America/Tortola', '', '−04:00', '−04:00', ''),
('CA', '+4916-12307', 'America/Vancouver', 'Pacific Time - west British Columbia', '−08:00', '−07:00', ''),
('', '', 'America/Virgin', '', '−04:00', '−04:00', 'Link to America/St_Thomas'),
('CA', '+6043-13503', 'America/Whitehorse', 'Pacific Time - south Yukon', '−08:00', '−07:00', ''),
('CA', '+4953-09709', 'America/Winnipeg', 'Central Time - Manitoba & west Ontario', '−06:00', '−05:00', ''),
('US', '+593249-1394338', 'America/Yakutat', 'Alaska Time - Alaska panhandle neck', '−09:00', '−08:00', ''),
('CA', '+6227-11421', 'America/Yellowknife', 'Mountain Time - central Northwest Territories', '−07:00', '−06:00', ''),
('AQ', '-6617+11031', 'Antarctica/Casey', 'Casey Station, Bailey Peninsula', '+11:00', '+08:00', ''),
('AQ', '-6835+07758', 'Antarctica/Davis', 'Davis Station, Vestfold Hills', '+05:00', '+07:00', ''),
('AQ', '-6640+14001', 'Antarctica/DumontDUrville', 'Dumont-d\'Urville Station, Terre Adelie', '+10:00', '+10:00', ''),
('AQ', '-5430+15857', 'Antarctica/Macquarie', 'Macquarie Island Station, Macquarie Island', '+11:00', '+11:00', ''),
('AQ', '-6736+06253', 'Antarctica/Mawson', 'Mawson Station, Holme Bay', '+05:00', '+05:00', ''),
('AQ', '-7750+16636', 'Antarctica/McMurdo', 'McMurdo Station, Ross Island', '+12:00', '+13:00', ''),
('AQ', '-6448-06406', 'Antarctica/Palmer', 'Palmer Station, Anvers Island', '−04:00', '−03:00', ''),
('AQ', '-6734-06808', 'Antarctica/Rothera', 'Rothera Station, Adelaide Island', '−03:00', '−03:00', ''),
('AQ', '-9000+00000', 'Antarctica/South_Pole', 'Amundsen-Scott Station, South Pole', '+12:00', '+13:00', 'Link to Antarctica/McMurdo'),
('AQ', '-690022+0393524', 'Antarctica/Syowa', 'Syowa Station, E Ongul I', '+03:00', '+03:00', ''),
('AQ', '-7824+10654', 'Antarctica/Vostok', 'Vostok Station, Lake Vostok', '+06:00', '+06:00', ''),
('SJ', '+7800+01600', 'Arctic/Longyearbyen', '', '+01:00', '+02:00', 'Link to Europe/Oslo'),
('YE', '+1245+04512', 'Asia/Aden', '', '+03:00', '+03:00', ''),
('KZ', '+4315+07657', 'Asia/Almaty', 'most locations', '+06:00', '+06:00', ''),
('JO', '+3157+03556', 'Asia/Amman', '', '+03:00', '+03:00', ''),
('RU', '+6445+17729', 'Asia/Anadyr', 'Moscow+08 - Bering Sea', '+12:00', '+12:00', ''),
('KZ', '+4431+05016', 'Asia/Aqtau', 'Atyrau (Atirau, Gur\'yev), Mangghystau (Mankistau)', '+05:00', '+05:00', ''),
('KZ', '+5017+05710', 'Asia/Aqtobe', 'Aqtobe (Aktobe)', '+05:00', '+05:00', ''),
('TM', '+3757+05823', 'Asia/Ashgabat', '', '+05:00', '+05:00', ''),
('', '', 'Asia/Ashkhabad', '', '+05:00', '+05:00', 'Link to Asia/Ashgabat'),
('IQ', '+3321+04425', 'Asia/Baghdad', '', '+03:00', '+03:00', ''),
('BH', '+2623+05035', 'Asia/Bahrain', '', '+03:00', '+03:00', ''),
('AZ', '+4023+04951', 'Asia/Baku', '', '+04:00', '+05:00', ''),
('TH', '+1345+10031', 'Asia/Bangkok', '', '+07:00', '+07:00', ''),
('LB', '+3353+03530', 'Asia/Beirut', '', '+02:00', '+03:00', ''),
('KG', '+4254+07436', 'Asia/Bishkek', '', '+06:00', '+06:00', ''),
('BN', '+0456+11455', 'Asia/Brunei', '', '+08:00', '+08:00', ''),
('', '', 'Asia/Calcutta', '', '+05:30', '+05:30', 'Link to Asia/Kolkata'),
('MN', '+4804+11430', 'Asia/Choibalsan', 'Dornod, Sukhbaatar', '+08:00', '+08:00', ''),
('CN', '+2934+10635', 'Asia/Chongqing', 'central China - Sichuan, Yunnan, Guangxi, Shaanxi, Guizhou, etc.', '+08:00', '+08:00', 'Covering historic Kansu-Szechuan time zone.'),
('', '', 'Asia/Chungking', '', '+08:00', '+08:00', 'Link to Asia/Chongqing'),
('LK', '+0656+07951', 'Asia/Colombo', '', '+05:30', '+05:30', ''),
('', '', 'Asia/Dacca', '', '+06:00', '+06:00', 'Link to Asia/Dhaka'),
('SY', '+3330+03618', 'Asia/Damascus', '', '+02:00', '+03:00', ''),
('BD', '+2343+09025', 'Asia/Dhaka', '', '+06:00', '+06:00', ''),
('TL', '-0833+12535', 'Asia/Dili', '', '+09:00', '+09:00', ''),
('AE', '+2518+05518', 'Asia/Dubai', '', '+04:00', '+04:00', ''),
('TJ', '+3835+06848', 'Asia/Dushanbe', '', '+05:00', '+05:00', ''),
('PS', '+3130+03428', 'Asia/Gaza', 'Gaza Strip', '+02:00', '+03:00', ''),
('CN', '+4545+12641', 'Asia/Harbin', 'Heilongjiang (except Mohe), Jilin', '+08:00', '+08:00', 'Covering historic Changpai time zone.'),
('PS', '+313200+0350542', 'Asia/Hebron', 'West Bank', '+02:00', '+03:00', ''),
('HK', '+2217+11409', 'Asia/Hong_Kong', '', '+08:00', '+08:00', ''),
('MN', '+4801+09139', 'Asia/Hovd', 'Bayan-Olgiy, Govi-Altai, Hovd, Uvs, Zavkhan', '+07:00', '+07:00', ''),
('VN', '+1045+10640', 'Asia/Ho_Chi_Minh', '', '+07:00', '+07:00', ''),
('RU', '+5216+10420', 'Asia/Irkutsk', 'Moscow+05 - Lake Baikal', '+09:00', '+09:00', ''),
('', '', 'Asia/Istanbul', '', '+02:00', '+03:00', 'Link to Europe/Istanbul'),
('ID', '-0610+10648', 'Asia/Jakarta', 'Java & Sumatra', '+07:00', '+07:00', ''),
('ID', '-0232+14042', 'Asia/Jayapura', 'west New Guinea (Irian Jaya) & Malukus (Moluccas)', '+09:00', '+09:00', ''),
('IL', '+3146+03514', 'Asia/Jerusalem', '', '+02:00', '+03:00', ''),
('AF', '+3431+06912', 'Asia/Kabul', '', '+04:30', '+04:30', ''),
('RU', '+5301+15839', 'Asia/Kamchatka', 'Moscow+08 - Kamchatka', '+12:00', '+12:00', ''),
('PK', '+2452+06703', 'Asia/Karachi', '', '+05:00', '+05:00', ''),
('CN', '+3929+07559', 'Asia/Kashgar', 'west Tibet & Xinjiang', '+08:00', '+08:00', 'Covering historic Kunlun time zone.'),
('NP', '+2743+08519', 'Asia/Kathmandu', '', '+05:45', '+05:45', ''),
('', '', 'Asia/Katmandu', '', '+05:45', '+05:45', 'Link to Asia/Kathmandu'),
('IN', '+2232+08822', 'Asia/Kolkata', '', '+05:30', '+05:30', 'Note: Different zones in history, see Time in India.'),
('RU', '+5601+09250', 'Asia/Krasnoyarsk', 'Moscow+04 - Yenisei River', '+08:00', '+08:00', ''),
('MY', '+0310+10142', 'Asia/Kuala_Lumpur', 'peninsular Malaysia', '+08:00', '+08:00', ''),
('MY', '+0133+11020', 'Asia/Kuching', 'Sabah & Sarawak', '+08:00', '+08:00', ''),
('KW', '+2920+04759', 'Asia/Kuwait', '', '+03:00', '+03:00', ''),
('', '', 'Asia/Macao', '', '+08:00', '+08:00', 'Link to Asia/Macau'),
('MO', '+2214+11335', 'Asia/Macau', '', '+08:00', '+08:00', ''),
('RU', '+5934+15048', 'Asia/Magadan', 'Moscow+08 - Magadan', '+12:00', '+12:00', ''),
('ID', '-0507+11924', 'Asia/Makassar', 'east & south Borneo, Sulawesi (Celebes), Bali, Nusa Tenggara, west Timor', '+08:00', '+08:00', ''),
('PH', '+1435+12100', 'Asia/Manila', '', '+08:00', '+08:00', ''),
('OM', '+2336+05835', 'Asia/Muscat', '', '+04:00', '+04:00', ''),
('CY', '+3510+03322', 'Asia/Nicosia', '', '+02:00', '+03:00', ''),
('RU', '+5345+08707', 'Asia/Novokuznetsk', 'Moscow+03 - Novokuznetsk', '+07:00', '+07:00', ''),
('RU', '+5502+08255', 'Asia/Novosibirsk', 'Moscow+03 - Novosibirsk', '+07:00', '+07:00', ''),
('RU', '+5500+07324', 'Asia/Omsk', 'Moscow+03 - west Siberia', '+07:00', '+07:00', ''),
('KZ', '+5113+05121', 'Asia/Oral', 'West Kazakhstan', '+05:00', '+05:00', ''),
('KH', '+1133+10455', 'Asia/Phnom_Penh', '', '+07:00', '+07:00', ''),
('ID', '-0002+10920', 'Asia/Pontianak', 'west & central Borneo', '+07:00', '+07:00', ''),
('KP', '+3901+12545', 'Asia/Pyongyang', '', '+09:00', '+09:00', ''),
('QA', '+2517+05132', 'Asia/Qatar', '', '+03:00', '+03:00', ''),
('KZ', '+4448+06528', 'Asia/Qyzylorda', 'Qyzylorda (Kyzylorda, Kzyl-Orda)', '+06:00', '+06:00', ''),
('MM', '+1647+09610', 'Asia/Rangoon', '', '+06:30', '+06:30', ''),
('SA', '+2438+04643', 'Asia/Riyadh', '', '+03:00', '+03:00', ''),
('', '', 'Asia/Saigon', '', '+07:00', '+07:00', 'Link to Asia/Ho_Chi_Minh'),
('RU', '+4658+14242', 'Asia/Sakhalin', 'Moscow+07 - Sakhalin Island', '+11:00', '+11:00', ''),
('UZ', '+3940+06648', 'Asia/Samarkand', 'west Uzbekistan', '+05:00', '+05:00', ''),
('KR', '+3733+12658', 'Asia/Seoul', '', '+09:00', '+09:00', ''),
('CN', '+3114+12128', 'Asia/Shanghai', 'east China - Beijing, Guangdong, Shanghai, etc.', '+08:00', '+08:00', 'Covering historic Chungyuan time zone.'),
('SG', '+0117+10351', 'Asia/Singapore', '', '+08:00', '+08:00', ''),
('TW', '+2503+12130', 'Asia/Taipei', '', '+08:00', '+08:00', ''),
('UZ', '+4120+06918', 'Asia/Tashkent', 'east Uzbekistan', '+05:00', '+05:00', ''),
('GE', '+4143+04449', 'Asia/Tbilisi', '', '+04:00', '+04:00', ''),
('IR', '+3540+05126', 'Asia/Tehran', '', '+03:30', '+04:30', ''),
('', '', 'Asia/Tel_Aviv', '', '+02:00', '+03:00', 'Link to Asia/Jerusalem'),
('', '', 'Asia/Thimbu', '', '+06:00', '+06:00', 'Link to Asia/Thimphu'),
('BT', '+2728+08939', 'Asia/Thimphu', '', '+06:00', '+06:00', ''),
('JP', '+353916+1394441', 'Asia/Tokyo', '', '+09:00', '+09:00', ''),
('', '', 'Asia/Ujung_Pandang', '', '+08:00', '+08:00', 'Link to Asia/Makassar'),
('MN', '+4755+10653', 'Asia/Ulaanbaatar', 'most locations', '+08:00', '+08:00', ''),
('', '', 'Asia/Ulan_Bator', '', '+08:00', '+08:00', 'Link to Asia/Ulaanbaatar'),
('CN', '+4348+08735', 'Asia/Urumqi', 'most of Tibet & Xinjiang', '+08:00', '+08:00', 'Covering historic Sinkiang-Tibet time zone.'),
('LA', '+1758+10236', 'Asia/Vientiane', '', '+07:00', '+07:00', ''),
('RU', '+4310+13156', 'Asia/Vladivostok', 'Moscow+07 - Amur River', '+11:00', '+11:00', ''),
('RU', '+6200+12940', 'Asia/Yakutsk', 'Moscow+06 - Lena River', '+10:00', '+10:00', ''),
('RU', '+5651+06036', 'Asia/Yekaterinburg', 'Moscow+02 - Urals', '+06:00', '+06:00', ''),
('AM', '+4011+04430', 'Asia/Yerevan', '', '+04:00', '+04:00', ''),
('PT', '+3744-02540', 'Atlantic/Azores', 'Azores', '−01:00', '+00:00', ''),
('BM', '+3217-06446', 'Atlantic/Bermuda', '', '−04:00', '−03:00', ''),
('ES', '+2806-01524', 'Atlantic/Canary', 'Canary Islands', '+00:00', '+01:00', ''),
('CV', '+1455-02331', 'Atlantic/Cape_Verde', '', '−01:00', '−01:00', ''),
('', '', 'Atlantic/Faeroe', '', '+00:00', '+01:00', 'Link to Atlantic/Faroe'),
('FO', '+6201-00646', 'Atlantic/Faroe', '', '+00:00', '+01:00', ''),
('', '', 'Atlantic/Jan_Mayen', '', '+01:00', '+02:00', 'Link to Europe/Oslo'),
('PT', '+3238-01654', 'Atlantic/Madeira', 'Madeira Islands', '+00:00', '+01:00', ''),
('IS', '+6409-02151', 'Atlantic/Reykjavik', '', '+00:00', '+00:00', ''),
('GS', '-5416-03632', 'Atlantic/South_Georgia', '', '−02:00', '−02:00', ''),
('FK', '-5142-05751', 'Atlantic/Stanley', '', '−03:00', '−03:00', ''),
('SH', '-1555-00542', 'Atlantic/St_Helena', '', '+00:00', '+00:00', ''),
('', '', 'Australia/ACT', '', '+10:00', '+11:00', 'Link to Australia/Sydney'),
('AU', '-3455+13835', 'Australia/Adelaide', 'South Australia', '+09:30', '+10:30', ''),
('AU', '-2728+15302', 'Australia/Brisbane', 'Queensland - most locations', '+10:00', '+10:00', ''),
('AU', '-3157+14127', 'Australia/Broken_Hill', 'New South Wales - Yancowinna', '+09:30', '+10:30', ''),
('', '', 'Australia/Canberra', '', '+10:00', '+11:00', 'Link to Australia/Sydney'),
('AU', '-3956+14352', 'Australia/Currie', 'Tasmania - King Island', '+10:00', '+11:00', ''),
('AU', '-1228+13050', 'Australia/Darwin', 'Northern Territory', '+09:30', '+09:30', ''),
('AU', '-3143+12852', 'Australia/Eucla', 'Western Australia - Eucla area', '+08:45', '+08:45', ''),
('AU', '-4253+14719', 'Australia/Hobart', 'Tasmania - most locations', '+10:00', '+11:00', ''),
('', '', 'Australia/LHI', '', '+10:30', '+11:00', 'Link to Australia/Lord_Howe'),
('AU', '-2016+14900', 'Australia/Lindeman', 'Queensland - Holiday Islands', '+10:00', '+10:00', ''),
('AU', '-3133+15905', 'Australia/Lord_Howe', 'Lord Howe Island', '+10:30', '+11:00', ''),
('AU', '-3749+14458', 'Australia/Melbourne', 'Victoria', '+10:00', '+11:00', ''),
('', '', 'Australia/North', '', '+09:30', '+09:30', 'Link to Australia/Darwin'),
('', '', 'Australia/NSW', '', '+10:00', '+11:00', 'Link to Australia/Sydney'),
('AU', '-3157+11551', 'Australia/Perth', 'Western Australia - most locations', '+08:00', '+08:00', ''),
('', '', 'Australia/Queensland', '', '+10:00', '+10:00', 'Link to Australia/Brisbane'),
('', '', 'Australia/South', '', '+09:30', '+10:30', 'Link to Australia/Adelaide'),
('AU', '-3352+15113', 'Australia/Sydney', 'New South Wales - most locations', '+10:00', '+11:00', ''),
('', '', 'Australia/Tasmania', '', '+10:00', '+11:00', 'Link to Australia/Hobart'),
('', '', 'Australia/Victoria', '', '+10:00', '+11:00', 'Link to Australia/Melbourne'),
('', '', 'Australia/West', '', '+08:00', '+08:00', 'Link to Australia/Perth'),
('', '', 'Australia/Yancowinna', '', '+09:30', '+10:30', 'Link to Australia/Broken_Hill'),
('', '', 'Brazil/Acre', '', '−04:00', '−04:00', 'Link to America/Rio_Branco'),
('', '', 'Brazil/DeNoronha', '', '−02:00', '−02:00', 'Link to America/Noronha'),
('', '', 'Brazil/East', '', '−03:00', '−02:00', 'Link to America/Sao_Paulo'),
('', '', 'Brazil/West', '', '−04:00', '−04:00', 'Link to America/Manaus'),
('', '', 'Canada/Atlantic', '', '−04:00', '−03:00', 'Link to America/Halifax'),
('', '', 'Canada/Central', '', '−06:00', '−05:00', 'Link to America/Winnipeg'),
('', '', 'Canada/East-Saskatchewan', '', '−06:00', '−06:00', 'Link to America/Regina'),
('', '', 'Canada/Eastern', '', '−05:00', '−04:00', 'Link to America/Toronto'),
('', '', 'Canada/Mountain', '', '−07:00', '−06:00', 'Link to America/Edmonton'),
('', '', 'Canada/Newfoundland', '', '−03:30', '−02:30', 'Link to America/St_Johns'),
('', '', 'Canada/Pacific', '', '−08:00', '−07:00', 'Link to America/Vancouver'),
('', '', 'Canada/Saskatchewan', '', '−06:00', '−06:00', 'Link to America/Regina'),
('', '', 'Canada/Yukon', '', '−08:00', '−07:00', 'Link to America/Whitehorse'),
('', '', 'CET', '', '+01:00', '+02:00', ''),
('', '', 'Chile/Continental', '', '−04:00', '−03:00', 'Link to America/Santiago'),
('', '', 'Chile/EasterIsland', '', '−06:00', '−05:00', 'Link to Pacific/Easter'),
('', '', 'CST6CDT', '', '−06:00', '−05:00', ''),
('', '', 'Cuba', '', '−05:00', '−04:00', 'Link to America/Havana'),
('', '', 'EET', '', '+02:00', '+03:00', ''),
('', '', 'Egypt', '', '+02:00', '+02:00', 'Link to Africa/Cairo'),
('', '', 'Eire', '', '+00:00', '+01:00', 'Link to Europe/Dublin'),
('', '', 'EST', '', '−05:00', '−05:00', ''),
('', '', 'EST5EDT', '', '−05:00', '−04:00', ''),
('', '', 'Etc./GMT', '', '+00:00', '+00:00', 'Link to UTC'),
('', '', 'Etc./GMT+0', '', '+00:00', '+00:00', 'Link to UTC'),
('', '', 'Etc./UCT', '', '+00:00', '+00:00', 'Link to UTC'),
('', '', 'Etc./Universal', '', '+00:00', '+00:00', 'Link to UTC'),
('', '', 'Etc./UTC', '', '+00:00', '+00:00', 'Link to UTC'),
('', '', 'Etc./Zulu', '', '+00:00', '+00:00', 'Link to UTC'),
('NL', '+5222+00454', 'Europe/Amsterdam', '', '+01:00', '+02:00', ''),
('AD', '+4230+00131', 'Europe/Andorra', '', '+01:00', '+02:00', ''),
('GR', '+3758+02343', 'Europe/Athens', '', '+02:00', '+03:00', ''),
('', '', 'Europe/Belfast', '', '+00:00', '+01:00', 'Link to Europe/London'),
('RS', '+4450+02030', 'Europe/Belgrade', '', '+01:00', '+02:00', ''),
('DE', '+5230+01322', 'Europe/Berlin', '', '+01:00', '+02:00', 'In 1945, the Trizone did not follow Berlin\'s switch to DST, see Time in Germany'),
('SK', '+4809+01707', 'Europe/Bratislava', '', '+01:00', '+02:00', 'Link to Europe/Prague'),
('BE', '+5050+00420', 'Europe/Brussels', '', '+01:00', '+02:00', ''),
('RO', '+4426+02606', 'Europe/Bucharest', '', '+02:00', '+03:00', ''),
('HU', '+4730+01905', 'Europe/Budapest', '', '+01:00', '+02:00', ''),
('MD', '+4700+02850', 'Europe/Chisinau', '', '+02:00', '+03:00', ''),
('DK', '+5540+01235', 'Europe/Copenhagen', '', '+01:00', '+02:00', ''),
('IE', '+5320-00615', 'Europe/Dublin', '', '+00:00', '+01:00', ''),
('GI', '+3608-00521', 'Europe/Gibraltar', '', '+01:00', '+02:00', ''),
('GG', '+4927-00232', 'Europe/Guernsey', '', '+00:00', '+01:00', 'Link to Europe/London'),
('FI', '+6010+02458', 'Europe/Helsinki', '', '+02:00', '+03:00', ''),
('IM', '+5409-00428', 'Europe/Isle_of_Man', '', '+00:00', '+01:00', 'Link to Europe/London'),
('TR', '+4101+02858', 'Europe/Istanbul', '', '+02:00', '+03:00', ''),
('JE', '+4912-00207', 'Europe/Jersey', '', '+00:00', '+01:00', 'Link to Europe/London'),
('RU', '+5443+02030', 'Europe/Kaliningrad', 'Moscow-01 - Kaliningrad', '+03:00', '+03:00', ''),
('UA', '+5026+03031', 'Europe/Kiev', 'most locations', '+02:00', '+03:00', ''),
('PT', '+3843-00908', 'Europe/Lisbon', 'mainland', '+00:00', '+01:00', ''),
('SI', '+4603+01431', 'Europe/Ljubljana', '', '+01:00', '+02:00', 'Link to Europe/Belgrade'),
('GB', '+513030-0000731', 'Europe/London', '', '+00:00', '+01:00', ''),
('LU', '+4936+00609', 'Europe/Luxembourg', '', '+01:00', '+02:00', ''),
('ES', '+4024-00341', 'Europe/Madrid', 'mainland', '+01:00', '+02:00', ''),
('MT', '+3554+01431', 'Europe/Malta', '', '+01:00', '+02:00', ''),
('AX', '+6006+01957', 'Europe/Mariehamn', '', '+02:00', '+03:00', 'Link to Europe/Helsinki'),
('BY', '+5354+02734', 'Europe/Minsk', '', '+03:00', '+03:00', ''),
('MC', '+4342+00723', 'Europe/Monaco', '', '+01:00', '+02:00', ''),
('RU', '+5545+03735', 'Europe/Moscow', 'Moscow+00 - west Russia', '+04:00', '+04:00', ''),
('', '', 'Europe/Nicosia', '', '+02:00', '+03:00', 'Link to Asia/Nicosia'),
('NO', '+5955+01045', 'Europe/Oslo', '', '+01:00', '+02:00', ''),
('FR', '+4852+00220', 'Europe/Paris', '', '+01:00', '+02:00', ''),
('ME', '+4226+01916', 'Europe/Podgorica', '', '+01:00', '+02:00', 'Link to Europe/Belgrade'),
('CZ', '+5005+01426', 'Europe/Prague', '', '+01:00', '+02:00', ''),
('LV', '+5657+02406', 'Europe/Riga', '', '+02:00', '+03:00', ''),
('IT', '+4154+01229', 'Europe/Rome', '', '+01:00', '+02:00', ''),
('RU', '+5312+05009', 'Europe/Samara', 'Moscow+00 - Samara, Udmurtia', '+04:00', '+04:00', ''),
('SM', '+4355+01228', 'Europe/San_Marino', '', '+01:00', '+02:00', 'Link to Europe/Rome'),
('BA', '+4352+01825', 'Europe/Sarajevo', '', '+01:00', '+02:00', 'Link to Europe/Belgrade'),
('UA', '+4457+03406', 'Europe/Simferopol', 'central Crimea', '+02:00', '+03:00', ''),
('MK', '+4159+02126', 'Europe/Skopje', '', '+01:00', '+02:00', 'Link to Europe/Belgrade'),
('BG', '+4241+02319', 'Europe/Sofia', '', '+02:00', '+03:00', ''),
('SE', '+5920+01803', 'Europe/Stockholm', '', '+01:00', '+02:00', ''),
('EE', '+5925+02445', 'Europe/Tallinn', '', '+02:00', '+03:00', ''),
('AL', '+4120+01950', 'Europe/Tirane', '', '+01:00', '+02:00', ''),
('', '', 'Europe/Tiraspol', '', '+02:00', '+03:00', 'Link to Europe/Chisinau'),
('UA', '+4837+02218', 'Europe/Uzhgorod', 'Ruthenia', '+02:00', '+03:00', ''),
('LI', '+4709+00931', 'Europe/Vaduz', '', '+01:00', '+02:00', ''),
('VA', '+415408+0122711', 'Europe/Vatican', '', '+01:00', '+02:00', 'Link to Europe/Rome'),
('AT', '+4813+01620', 'Europe/Vienna', '', '+01:00', '+02:00', ''),
('LT', '+5441+02519', 'Europe/Vilnius', '', '+02:00', '+03:00', ''),
('RU', '+4844+04425', 'Europe/Volgograd', 'Moscow+00 - Caspian Sea', '+04:00', '+04:00', ''),
('PL', '+5215+02100', 'Europe/Warsaw', '', '+01:00', '+02:00', ''),
('HR', '+4548+01558', 'Europe/Zagreb', '', '+01:00', '+02:00', 'Link to Europe/Belgrade'),
('UA', '+4750+03510', 'Europe/Zaporozhye', 'Zaporozh\'ye, E Lugansk / Zaporizhia, E Luhansk', '+02:00', '+03:00', ''),
('CH', '+4723+00832', 'Europe/Zurich', '', '+01:00', '+02:00', ''),
('', '', 'GB', '', '+00:00', '+01:00', 'Link to Europe/London'),
('', '', 'GB-Eire', '', '+00:00', '+01:00', 'Link to Europe/London'),
('', '', 'GMT', '', '+00:00', '+00:00', 'Link to UTC'),
('', '', 'GMT+0', '', '+00:00', '+00:00', 'Link to UTC'),
('', '', 'GMT-0', '', '+00:00', '+00:00', 'Link to UTC'),
('', '', 'GMT0', '', '+00:00', '+00:00', 'Link to UTC'),
('', '', 'Greenwich', '', '+00:00', '+00:00', 'Link to UTC'),
('', '', 'Hong Kong', '', '+08:00', '+08:00', 'Link to Asia/Hong_Kong'),
('', '', 'HST', '', '−10:00', '−10:00', ''),
('', '', 'Iceland', '', '+00:00', '+00:00', 'Link to Atlantic/Reykjavik'),
('MG', '-1855+04731', 'Indian/Antananarivo', '', '+03:00', '+03:00', ''),
('IO', '-0720+07225', 'Indian/Chagos', '', '+06:00', '+06:00', ''),
('CX', '-1025+10543', 'Indian/Christmas', '', '+07:00', '+07:00', ''),
('CC', '-1210+09655', 'Indian/Cocos', '', '+06:30', '+06:30', ''),
('KM', '-1141+04316', 'Indian/Comoro', '', '+03:00', '+03:00', ''),
('TF', '-492110+0701303', 'Indian/Kerguelen', '', '+05:00', '+05:00', ''),
('SC', '-0440+05528', 'Indian/Mahe', '', '+04:00', '+04:00', ''),
('MV', '+0410+07330', 'Indian/Maldives', '', '+05:00', '+05:00', ''),
('MU', '-2010+05730', 'Indian/Mauritius', '', '+04:00', '+04:00', ''),
('YT', '-1247+04514', 'Indian/Mayotte', '', '+03:00', '+03:00', ''),
('RE', '-2052+05528', 'Indian/Reunion', '', '+04:00', '+04:00', ''),
('', '', 'Iran', '', '+03:30', '+04:30', 'Link to Asia/Tehran'),
('', '', 'Israel', '', '+02:00', '+03:00', 'Link to Asia/Jerusalem'),
('', '', 'Jamaica', '', '−05:00', '−05:00', 'Link to America/Jamaica'),
('', '', 'Japan', '', '+09:00', '+09:00', 'Link to Asia/Tokyo'),
('', '', 'JST-9', '', '+09:00', '+09:00', 'Link to Asia/Tokyo'),
('', '', 'Kwajalein', '', '+12:00', '+12:00', 'Link to Pacific/Kwajalein'),
('', '', 'Libya', '', '+02:00', '+02:00', 'Link to Africa/Tripoli'),
('', '', 'MET', '', '+01:00', '+02:00', ''),
('', '', 'Mexico/BajaNorte', '', '−08:00', '−07:00', 'Link to America/Tijuana'),
('', '', 'Mexico/BajaSur', '', '−07:00', '−06:00', 'Link to America/Mazatlan'),
('', '', 'Mexico/General', '', '−06:00', '−05:00', 'Link to America/Mexico_City'),
('', '', 'MST', '', '−07:00', '−07:00', ''),
('', '', 'MST7MDT', '', '−07:00', '−06:00', ''),
('', '', 'Navajo', '', '−07:00', '−06:00', 'Link to America/Denver'),
('', '', 'NZ', '', '+12:00', '+13:00', 'Link to Pacific/Auckland'),
('', '', 'NZ-CHAT', '', '+12:45', '+13:45', 'Link to Pacific/Chatham'),
('WS', '-1350-17144', 'Pacific/Apia', '', '+13:00', '+14:00', ''),
('NZ', '-3652+17446', 'Pacific/Auckland', 'most locations', '+12:00', '+13:00', ''),
('NZ', '-4357-17633', 'Pacific/Chatham', 'Chatham Islands', '+12:45', '+13:45', ''),
('FM', '+0725+15147', 'Pacific/Chuuk', 'Chuuk (Truk) and Yap', '+10:00', '+10:00', ''),
('CL', '-2709-10926', 'Pacific/Easter', 'Easter Island & Sala y Gomez', '−06:00', '−05:00', ''),
('VU', '-1740+16825', 'Pacific/Efate', '', '+11:00', '+11:00', ''),
('KI', '-0308-17105', 'Pacific/Enderbury', 'Phoenix Islands', '+13:00', '+13:00', ''),
('TK', '-0922-17114', 'Pacific/Fakaofo', '', '+13:00', '+13:00', ''),
('FJ', '-1808+17825', 'Pacific/Fiji', '', '+12:00', '+13:00', ''),
('TV', '-0831+17913', 'Pacific/Funafuti', '', '+12:00', '+12:00', ''),
('EC', '-0054-08936', 'Pacific/Galapagos', 'Galapagos Islands', '−06:00', '−06:00', ''),
('PF', '-2308-13457', 'Pacific/Gambier', 'Gambier Islands', '−09:00', '−09:00', ''),
('SB', '-0932+16012', 'Pacific/Guadalcanal', '', '+11:00', '+11:00', ''),
('GU', '+1328+14445', 'Pacific/Guam', '', '+10:00', '+10:00', ''),
('US', '+211825-1575130', 'Pacific/Honolulu', 'Hawaii', '−10:00', '−10:00', ''),
('UM', '+1645-16931', 'Pacific/Johnston', 'Johnston Atoll', '−10:00', '−10:00', ''),
('KI', '+0152-15720', 'Pacific/Kiritimati', 'Line Islands', '+14:00', '+14:00', ''),
('FM', '+0519+16259', 'Pacific/Kosrae', 'Kosrae', '+11:00', '+11:00', ''),
('MH', '+0905+16720', 'Pacific/Kwajalein', 'Kwajalein', '+12:00', '+12:00', ''),
('MH', '+0709+17112', 'Pacific/Majuro', 'most locations', '+12:00', '+12:00', ''),
('PF', '-0900-13930', 'Pacific/Marquesas', 'Marquesas Islands', '−09:30', '−09:30', ''),
('UM', '+2813-17722', 'Pacific/Midway', 'Midway Islands', '−11:00', '−11:00', ''),
('NR', '-0031+16655', 'Pacific/Nauru', '', '+12:00', '+12:00', ''),
('NU', '-1901-16955', 'Pacific/Niue', '', '−11:00', '−11:00', ''),
('NF', '-2903+16758', 'Pacific/Norfolk', '', '+11:30', '+11:30', ''),
('NC', '-2216+16627', 'Pacific/Noumea', '', '+11:00', '+11:00', ''),
('AS', '-1416-17042', 'Pacific/Pago_Pago', '', '−11:00', '−11:00', ''),
('PW', '+0720+13429', 'Pacific/Palau', '', '+09:00', '+09:00', ''),
('PN', '-2504-13005', 'Pacific/Pitcairn', '', '−08:00', '−08:00', ''),
('FM', '+0658+15813', 'Pacific/Pohnpei', 'Pohnpei (Ponape)', '+11:00', '+11:00', ''),
('', '', 'Pacific/Ponape', '', '+11:00', '+11:00', 'Link to Pacific/Pohnpei'),
('PG', '-0930+14710', 'Pacific/Port_Moresby', '', '+10:00', '+10:00', ''),
('CK', '-2114-15946', 'Pacific/Rarotonga', '', '−10:00', '−10:00', ''),
('MP', '+1512+14545', 'Pacific/Saipan', '', '+10:00', '+10:00', ''),
('', '', 'Pacific/Samoa', '', '−11:00', '−11:00', 'Link to Pacific/Pago_Pago'),
('PF', '-1732-14934', 'Pacific/Tahiti', 'Society Islands', '−10:00', '−10:00', ''),
('KI', '+0125+17300', 'Pacific/Tarawa', 'Gilbert Islands', '+12:00', '+12:00', ''),
('TO', '-2110-17510', 'Pacific/Tongatapu', '', '+13:00', '+13:00', ''),
('', '', 'Pacific/Truk', '', '+10:00', '+10:00', 'Link to Pacific/Chuuk'),
('UM', '+1917+16637', 'Pacific/Wake', 'Wake Island', '+12:00', '+12:00', ''),
('WF', '-1318-17610', 'Pacific/Wallis', '', '+12:00', '+12:00', ''),
('', '', 'Pacific/Yap', '', '+10:00', '+10:00', 'Link to Pacific/Chuuk'),
('', '', 'Poland', '', '+01:00', '+02:00', 'Link to Europe/Warsaw'),
('', '', 'Portugal', '', '+00:00', '+01:00', 'Link to Europe/Lisbon'),
('', '', 'PRC', '', '+08:00', '+08:00', 'Link to Asia/Shanghai'),
('', '', 'PST8PDT', '', '−08:00', '−07:00', ''),
('', '', 'ROC', '', '+08:00', '+08:00', 'Link to Asia/Taipei'),
('', '', 'ROK', '', '+09:00', '+09:00', 'Link to Asia/Seoul'),
('', '', 'Singapore', '', '+08:00', '+08:00', 'Link to Asia/Singapore'),
('', '', 'Turkey', '', '+02:00', '+03:00', 'Link to Europe/Istanbul'),
('', '', 'UCT', '', '+00:00', '+00:00', 'Link to UTC'),
('', '', 'Universal', '', '+00:00', '+00:00', 'Link to UTC'),
('', '', 'US/Alaska', '', '−09:00', '−08:00', 'Link to America/Anchorage'),
('', '', 'US/Aleutian', '', '−10:00', '−09:00', 'Link to America/Adak'),
('', '', 'US/Arizona', '', '−07:00', '−07:00', 'Link to America/Phoenix'),
('', '', 'US/Central', '', '−06:00', '−05:00', 'Link to America/Chicago'),
('', '', 'US/East-Indiana', '', '−05:00', '−04:00', 'Link to America/Indiana/Indianapolis'),
('', '', 'US/Eastern', '', '−05:00', '−04:00', 'Link to America/New_York'),
('', '', 'US/Hawaii', '', '−10:00', '−10:00', 'Link to Pacific/Honolulu'),
('', '', 'US/Indiana-Starke', '', '−06:00', '−05:00', 'Link to America/Indiana/Knox'),
('', '', 'US/Michigan', '', '−05:00', '−04:00', 'Link to America/Detroit'),
('', '', 'US/Mountain', '', '−07:00', '−06:00', 'Link to America/Denver'),
('', '', 'US/Pacific', '', '−08:00', '−07:00', 'Link to America/Los_Angeles'),
('', '', 'US/Pacific-New', '', '−08:00', '−07:00', 'Link to America/Los_Angeles'),
('', '', 'US/Samoa', '', '−11:00', '−11:00', 'Link to Pacific/Pago_Pago'),
('', '', 'UTC', '', '+00:00', '+00:00', ''),
('', '', 'W-SU', '', '+04:00', '+04:00', 'Link to Europe/Moscow'),
('', '', 'WET', '', '+00:00', '+01:00', ''),
('', '', 'Zulu', '', '+00:00', '+00:00', 'Link to UTC');

-- --------------------------------------------------------

--
-- Table structure for table `category`
--

CREATE TABLE `category` (
  `id` int(11) NOT NULL,
  `title` varchar(100) CHARACTER SET utf8mb4 DEFAULT NULL,
  `img` varchar(250) DEFAULT NULL,
  `alt` varchar(50) CHARACTER SET utf8mb4 DEFAULT NULL,
  `published` int(11) DEFAULT NULL
) ENGINE=InnoDB DEFAULT CHARSET=utf8;

--
-- Dumping data for table `category`
--

INSERT INTO `category` (`id`, `title`, `img`, `alt`, `published`) VALUES
(13, 'Skin', '273800432.svg', 'dsdsd', 1),
(14, 'Pre/Postnatal', '1605735138.svg', NULL, 1),
(15, 'Fitness', '1493029140.svg', NULL, 1),
(16, 'Digestive', '435058248.svg', NULL, 1),
(17, 'Child Nutrition', '582171878.svg', NULL, 1),
(18, 'Strength', '2058019215.svg', NULL, 1);

-- --------------------------------------------------------

--
-- Table structure for table `category_title`
--

CREATE TABLE `category_title` (
  `id` int(11) NOT NULL,
  `title` varchar(250) CHARACTER SET utf8mb4 DEFAULT NULL
) ENGINE=InnoDB DEFAULT CHARSET=utf8;

--
-- Dumping data for table `category_title`
--

INSERT INTO `category_title` (`id`, `title`) VALUES
(1, 'Find a practitioner for your health goals');

-- --------------------------------------------------------

--
-- Table structure for table `cities`
--

CREATE TABLE `cities` (
  `id` int(11) NOT NULL,
  `title` varchar(30) NOT NULL,
  `country_id` int(11) NOT NULL DEFAULT '1'
) ENGINE=InnoDB DEFAULT CHARSET=latin1;

--
-- Dumping data for table `cities`
--

INSERT INTO `cities` (`id`, `title`, `country_id`) VALUES
(1, 'Andaman and Nicobar Islands', 101),
(2, 'Andhra Pradesh', 101),
(3, 'Arunachal Pradesh', 101),
(4, 'Assam', 101),
(5, 'Bihar', 101),
(6, 'Chandigarh', 101),
(7, 'Chhattisgarh', 101),
(8, 'Dadra and Nagar Haveli', 101),
(9, 'Daman and Diu', 101),
(10, 'Delhi', 101),
(11, 'Goa', 101),
(12, 'Gujarat', 101),
(13, 'Haryana', 101),
(14, 'Himachal Pradesh', 101),
(15, 'Jammu and Kashmir', 101),
(16, 'Jharkhand', 101),
(17, 'Karnataka', 101),
(18, 'Kenmore', 101),
(19, 'Kerala', 101),
(20, 'Lakshadweep', 101),
(21, 'Madhya Pradesh', 101),
(22, 'Maharashtra', 101),
(23, 'Manipur', 101),
(24, 'Meghalaya', 101),
(25, 'Mizoram', 101),
(26, 'Nagaland', 101),
(27, 'Narora', 101),
(28, 'Natwar', 101),
(29, 'Odisha', 101),
(30, 'Paschim Medinipur', 101),
(31, 'Pondicherry', 101),
(32, 'Punjab', 101),
(33, 'Rajasthan', 101),
(34, 'Sikkim', 101),
(35, 'Tamil Nadu', 101),
(36, 'Telangana', 101),
(37, 'Tripura', 101),
(38, 'Uttar Pradesh', 101),
(39, 'Uttarakhand', 101),
(40, 'Vaishali', 101),
(41, 'West Bengal', 101),
(42, 'Badakhshan', 1),
(43, 'Badgis', 1),
(44, 'Baglan', 1),
(45, 'Balkh', 1),
(46, 'Bamiyan', 1),
(47, 'Farah', 1),
(48, 'Faryab', 1),
(49, 'Gawr', 1),
(50, 'Gazni', 1),
(51, 'Herat', 1),
(52, 'Hilmand', 1),
(53, 'Jawzjan', 1),
(54, 'Kabul', 1),
(55, 'Kapisa', 1),
(56, 'Khawst', 1),
(57, 'Kunar', 1),
(58, 'Lagman', 1),
(59, 'Lawghar', 1),
(60, 'Nangarhar', 1),
(61, 'Nimruz', 1),
(62, 'Nuristan', 1),
(63, 'Paktika', 1),
(64, 'Paktiya', 1),
(65, 'Parwan', 1),
(66, 'Qandahar', 1),
(67, 'Qunduz', 1),
(68, 'Samangan', 1),
(69, 'Sar-e Pul', 1),
(70, 'Takhar', 1),
(71, 'Uruzgan', 1),
(72, 'Wardag', 1),
(73, 'Zabul', 1),
(74, 'Berat', 2),
(75, 'Bulqize', 2),
(76, 'Delvine', 2),
(77, 'Devoll', 2),
(78, 'Dibre', 2),
(79, 'Durres', 2),
(80, 'Elbasan', 2),
(81, 'Fier', 2),
(82, 'Gjirokaster', 2),
(83, 'Gramsh', 2),
(84, 'Has', 2),
(85, 'Kavaje', 2),
(86, 'Kolonje', 2),
(87, 'Korce', 2),
(88, 'Kruje', 2),
(89, 'Kucove', 2),
(90, 'Kukes', 2),
(91, 'Kurbin', 2),
(92, 'Lezhe', 2),
(93, 'Librazhd', 2),
(94, 'Lushnje', 2),
(95, 'Mallakaster', 2),
(96, 'Malsi e Madhe', 2),
(97, 'Mat', 2),
(98, 'Mirdite', 2),
(99, 'Peqin', 2),
(100, 'Permet', 2),
(101, 'Pogradec', 2),
(102, 'Puke', 2),
(103, 'Sarande', 2),
(104, 'Shkoder', 2),
(105, 'Skrapar', 2),
(106, 'Tepelene', 2),
(107, 'Tirane', 2),
(108, 'Tropoje', 2),
(109, 'Vlore', 2),
(110, '\'Ayn Daflah', 3),
(111, '\'Ayn Tamushanat', 3),
(112, 'Adrar', 3),
(113, 'Algiers', 3),
(114, 'Annabah', 3),
(115, 'Bashshar', 3),
(116, 'Batnah', 3),
(117, 'Bijayah', 3),
(118, 'Biskrah', 3),
(119, 'Blidah', 3),
(120, 'Buirah', 3),
(121, 'Bumardas', 3),
(122, 'Burj Bu Arririj', 3),
(123, 'Ghalizan', 3),
(124, 'Ghardayah', 3),
(125, 'Ilizi', 3),
(126, 'Jijili', 3),
(127, 'Jilfah', 3),
(128, 'Khanshalah', 3),
(129, 'Masilah', 3),
(130, 'Midyah', 3),
(131, 'Milah', 3),
(132, 'Muaskar', 3),
(133, 'Mustaghanam', 3),
(134, 'Naama', 3),
(135, 'Oran', 3),
(136, 'Ouargla', 3),
(137, 'Qalmah', 3),
(138, 'Qustantinah', 3),
(139, 'Sakikdah', 3),
(140, 'Satif', 3),
(141, 'Sayda\'', 3),
(142, 'Sidi ban-al-\'Abbas', 3),
(143, 'Suq Ahras', 3),
(144, 'Tamanghasat', 3),
(145, 'Tibazah', 3),
(146, 'Tibissah', 3),
(147, 'Tilimsan', 3),
(148, 'Tinduf', 3),
(149, 'Tisamsilt', 3),
(150, 'Tiyarat', 3),
(151, 'Tizi Wazu', 3),
(152, 'Umm-al-Bawaghi', 3),
(153, 'Wahran', 3),
(154, 'Warqla', 3),
(155, 'Wilaya d Alger', 3),
(156, 'Wilaya de Bejaia', 3),
(157, 'Wilaya de Constantine', 3),
(158, 'al-Aghwat', 3),
(159, 'al-Bayadh', 3),
(160, 'al-Jaza\'ir', 3),
(161, 'al-Wad', 3),
(162, 'ash-Shalif', 3),
(163, 'at-Tarif', 3),
(164, 'Eastern', 4),
(165, 'Manu\'a', 4),
(166, 'Swains Island', 4),
(167, 'Western', 4),
(168, 'Andorra la Vella', 5),
(169, 'Canillo', 5),
(170, 'Encamp', 5),
(171, 'La Massana', 5),
(172, 'Les Escaldes', 5),
(173, 'Ordino', 5),
(174, 'Sant Julia de Loria', 5),
(175, 'Bengo', 6),
(176, 'Benguela', 6),
(177, 'Bie', 6),
(178, 'Cabinda', 6),
(179, 'Cunene', 6),
(180, 'Huambo', 6),
(181, 'Huila', 6),
(182, 'Kuando-Kubango', 6),
(183, 'Kwanza Norte', 6),
(184, 'Kwanza Sul', 6),
(185, 'Luanda', 6),
(186, 'Lunda Norte', 6),
(187, 'Lunda Sul', 6),
(188, 'Malanje', 6),
(189, 'Moxico', 6),
(190, 'Namibe', 6),
(191, 'Uige', 6),
(192, 'Zaire', 6),
(193, 'Other Provinces', 7),
(194, 'Sector claimed by Argentina/Ch', 8),
(195, 'Sector claimed by Argentina/UK', 8),
(196, 'Sector claimed by Australia', 8),
(197, 'Sector claimed by France', 8),
(198, 'Sector claimed by New Zealand', 8),
(199, 'Sector claimed by Norway', 8),
(200, 'Unclaimed Sector', 8),
(201, 'Barbuda', 9),
(202, 'Saint George', 9),
(203, 'Saint John', 9),
(204, 'Saint Mary', 9),
(205, 'Saint Paul', 9),
(206, 'Saint Peter', 9),
(207, 'Saint Philip', 9),
(208, 'Buenos Aires', 10),
(209, 'Catamarca', 10),
(210, 'Chaco', 10),
(211, 'Chubut', 10),
(212, 'Cordoba', 10),
(213, 'Corrientes', 10),
(214, 'Distrito Federal', 10),
(215, 'Entre Rios', 10),
(216, 'Formosa', 10),
(217, 'Jujuy', 10),
(218, 'La Pampa', 10),
(219, 'La Rioja', 10),
(220, 'Mendoza', 10),
(221, 'Misiones', 10),
(222, 'Neuquen', 10),
(223, 'Rio Negro', 10),
(224, 'Salta', 10),
(225, 'San Juan', 10),
(226, 'San Luis', 10),
(227, 'Santa Cruz', 10),
(228, 'Santa Fe', 10),
(229, 'Santiago del Estero', 10),
(230, 'Tierra del Fuego', 10),
(231, 'Tucuman', 10),
(232, 'Aragatsotn', 11),
(233, 'Ararat', 11),
(234, 'Armavir', 11),
(235, 'Gegharkunik', 11),
(236, 'Kotaik', 11),
(237, 'Lori', 11),
(238, 'Shirak', 11),
(239, 'Stepanakert', 11),
(240, 'Syunik', 11),
(241, 'Tavush', 11),
(242, 'Vayots Dzor', 11),
(243, 'Yerevan', 11),
(244, 'Aruba', 12),
(245, 'Auckland', 13),
(246, 'Australian Capital Territory', 13),
(247, 'Balgowlah', 13),
(248, 'Balmain', 13),
(249, 'Bankstown', 13),
(250, 'Baulkham Hills', 13),
(251, 'Bonnet Bay', 13),
(252, 'Camberwell', 13),
(253, 'Carole Park', 13),
(254, 'Castle Hill', 13),
(255, 'Caulfield', 13),
(256, 'Chatswood', 13),
(257, 'Cheltenham', 13),
(258, 'Cherrybrook', 13),
(259, 'Clayton', 13),
(260, 'Collingwood', 13),
(261, 'Frenchs Forest', 13),
(262, 'Hawthorn', 13),
(263, 'Jannnali', 13),
(264, 'Knoxfield', 13),
(265, 'Melbourne', 13),
(266, 'New South Wales', 13),
(267, 'Northern Territory', 13),
(268, 'Perth', 13),
(269, 'Queensland', 13),
(270, 'South Australia', 13),
(271, 'Tasmania', 13),
(272, 'Templestowe', 13),
(273, 'Victoria', 13),
(274, 'Werribee south', 13),
(275, 'Western Australia', 13),
(276, 'Wheeler', 13),
(277, 'Bundesland Salzburg', 14),
(278, 'Bundesland Steiermark', 14),
(279, 'Bundesland Tirol', 14),
(280, 'Burgenland', 14),
(281, 'Carinthia', 14),
(282, 'Karnten', 14),
(283, 'Liezen', 14),
(284, 'Lower Austria', 14),
(285, 'Niederosterreich', 14),
(286, 'Oberosterreich', 14),
(287, 'Salzburg', 14),
(288, 'Schleswig-Holstein', 14),
(289, 'Steiermark', 14),
(290, 'Styria', 14),
(291, 'Tirol', 14),
(292, 'Upper Austria', 14),
(293, 'Vorarlberg', 14),
(294, 'Wien', 14),
(295, 'Abseron', 15),
(296, 'Baki Sahari', 15),
(297, 'Ganca', 15),
(298, 'Ganja', 15),
(299, 'Kalbacar', 15),
(300, 'Lankaran', 15),
(301, 'Mil-Qarabax', 15),
(302, 'Mugan-Salyan', 15),
(303, 'Nagorni-Qarabax', 15),
(304, 'Naxcivan', 15),
(305, 'Priaraks', 15),
(306, 'Qazax', 15),
(307, 'Saki', 15),
(308, 'Sirvan', 15),
(309, 'Xacmaz', 15),
(310, 'Abaco', 16),
(311, 'Acklins Island', 16),
(312, 'Andros', 16),
(313, 'Berry Islands', 16),
(314, 'Biminis', 16),
(315, 'Cat Island', 16),
(316, 'Crooked Island', 16),
(317, 'Eleuthera', 16),
(318, 'Exuma and Cays', 16),
(319, 'Grand Bahama', 16),
(320, 'Inagua Islands', 16),
(321, 'Long Island', 16),
(322, 'Mayaguana', 16),
(323, 'New Providence', 16),
(324, 'Ragged Island', 16),
(325, 'Rum Cay', 16),
(326, 'San Salvador', 16),
(327, '\'Isa', 17),
(328, 'Badiyah', 17),
(329, 'Hidd', 17),
(330, 'Jidd Hafs', 17),
(331, 'Mahama', 17),
(332, 'Manama', 17),
(333, 'Sitrah', 17),
(334, 'al-Manamah', 17),
(335, 'al-Muharraq', 17),
(336, 'ar-Rifa\'a', 17),
(337, 'Bagar Hat', 18),
(338, 'Bandarban', 18),
(339, 'Barguna', 18),
(340, 'Barisal', 18),
(341, 'Bhola', 18),
(342, 'Bogora', 18),
(343, 'Brahman Bariya', 18),
(344, 'Chandpur', 18),
(345, 'Chattagam', 18),
(346, 'Chittagong Division', 18),
(347, 'Chuadanga', 18),
(348, 'Dhaka', 18),
(349, 'Dinajpur', 18),
(350, 'Faridpur', 18),
(351, 'Feni', 18),
(352, 'Gaybanda', 18),
(353, 'Gazipur', 18),
(354, 'Gopalganj', 18),
(355, 'Habiganj', 18),
(356, 'Jaipur Hat', 18),
(357, 'Jamalpur', 18),
(358, 'Jessor', 18),
(359, 'Jhalakati', 18),
(360, 'Jhanaydah', 18),
(361, 'Khagrachhari', 18),
(362, 'Khulna', 18),
(363, 'Kishorganj', 18),
(364, 'Koks Bazar', 18),
(365, 'Komilla', 18),
(366, 'Kurigram', 18),
(367, 'Kushtiya', 18),
(368, 'Lakshmipur', 18),
(369, 'Lalmanir Hat', 18),
(370, 'Madaripur', 18),
(371, 'Magura', 18),
(372, 'Maimansingh', 18),
(373, 'Manikganj', 18),
(374, 'Maulvi Bazar', 18),
(375, 'Meherpur', 18),
(376, 'Munshiganj', 18),
(377, 'Naral', 18),
(378, 'Narayanganj', 18),
(379, 'Narsingdi', 18),
(380, 'Nator', 18),
(381, 'Naugaon', 18),
(382, 'Nawabganj', 18),
(383, 'Netrakona', 18),
(384, 'Nilphamari', 18),
(385, 'Noakhali', 18),
(386, 'Pabna', 18),
(387, 'Panchagarh', 18),
(388, 'Patuakhali', 18),
(389, 'Pirojpur', 18),
(390, 'Rajbari', 18),
(391, 'Rajshahi', 18),
(392, 'Rangamati', 18),
(393, 'Rangpur', 18),
(394, 'Satkhira', 18),
(395, 'Shariatpur', 18),
(396, 'Sherpur', 18),
(397, 'Silhat', 18),
(398, 'Sirajganj', 18),
(399, 'Sunamganj', 18),
(400, 'Tangayal', 18),
(401, 'Thakurgaon', 18),
(402, 'Christ Church', 19),
(403, 'Saint Andrew', 19),
(404, 'Saint George', 19),
(405, 'Saint James', 19),
(406, 'Saint John', 19),
(407, 'Saint Joseph', 19),
(408, 'Saint Lucy', 19),
(409, 'Saint Michael', 19),
(410, 'Saint Peter', 19),
(411, 'Saint Philip', 19),
(412, 'Saint Thomas', 19),
(413, 'Brest', 20),
(414, 'Homjel\'', 20),
(415, 'Hrodna', 20),
(416, 'Mahiljow', 20),
(417, 'Mahilyowskaya Voblasts', 20),
(418, 'Minsk', 20),
(419, 'Minskaja Voblasts\'', 20),
(420, 'Petrik', 20),
(421, 'Vicebsk', 20),
(422, 'Antwerpen', 21),
(423, 'Berchem', 21),
(424, 'Brabant', 21),
(425, 'Brabant Wallon', 21),
(426, 'Brussel', 21),
(427, 'East Flanders', 21),
(428, 'Hainaut', 21),
(429, 'Liege', 21),
(430, 'Limburg', 21),
(431, 'Luxembourg', 21),
(432, 'Namur', 21),
(433, 'Ontario', 21),
(434, 'Oost-Vlaanderen', 21),
(435, 'Provincie Brabant', 21),
(436, 'Vlaams-Brabant', 21),
(437, 'Wallonne', 21),
(438, 'West-Vlaanderen', 21),
(439, 'Belize', 22),
(440, 'Cayo', 22),
(441, 'Corozal', 22),
(442, 'Orange Walk', 22),
(443, 'Stann Creek', 22),
(444, 'Toledo', 22),
(445, 'Alibori', 23),
(446, 'Atacora', 23),
(447, 'Atlantique', 23),
(448, 'Borgou', 23),
(449, 'Collines', 23),
(450, 'Couffo', 23),
(451, 'Donga', 23),
(452, 'Littoral', 23),
(453, 'Mono', 23),
(454, 'Oueme', 23),
(455, 'Plateau', 23),
(456, 'Zou', 23),
(457, 'Hamilton', 24),
(458, 'Saint George', 24),
(459, 'Bumthang', 25),
(460, 'Chhukha', 25),
(461, 'Chirang', 25),
(462, 'Daga', 25),
(463, 'Geylegphug', 25),
(464, 'Ha', 25),
(465, 'Lhuntshi', 25),
(466, 'Mongar', 25),
(467, 'Pemagatsel', 25),
(468, 'Punakha', 25),
(469, 'Rinpung', 25),
(470, 'Samchi', 25),
(471, 'Samdrup Jongkhar', 25),
(472, 'Shemgang', 25),
(473, 'Tashigang', 25),
(474, 'Timphu', 25),
(475, 'Tongsa', 25),
(476, 'Wangdiphodrang', 25),
(477, 'Beni', 26),
(478, 'Chuquisaca', 26),
(479, 'Cochabamba', 26),
(480, 'La Paz', 26),
(481, 'Oruro', 26),
(482, 'Pando', 26),
(483, 'Potosi', 26),
(484, 'Santa Cruz', 26),
(485, 'Tarija', 26),
(486, 'Federacija Bosna i Hercegovina', 27),
(487, 'Republika Srpska', 27),
(488, 'Central Bobonong', 28),
(489, 'Central Boteti', 28),
(490, 'Central Mahalapye', 28),
(491, 'Central Serowe-Palapye', 28),
(492, 'Central Tutume', 28),
(493, 'Chobe', 28),
(494, 'Francistown', 28),
(495, 'Gaborone', 28),
(496, 'Ghanzi', 28),
(497, 'Jwaneng', 28),
(498, 'Kgalagadi North', 28),
(499, 'Kgalagadi South', 28),
(500, 'Kgatleng', 28),
(501, 'Kweneng', 28),
(502, 'Lobatse', 28),
(503, 'Ngamiland', 28),
(504, 'Ngwaketse', 28),
(505, 'North East', 28),
(506, 'Okavango', 28),
(507, 'Orapa', 28),
(508, 'Selibe Phikwe', 28),
(509, 'South East', 28),
(510, 'Sowa', 28),
(511, 'Bouvet Island', 29),
(512, 'Acre', 30),
(513, 'Alagoas', 30),
(514, 'Amapa', 30),
(515, 'Amazonas', 30),
(516, 'Bahia', 30),
(517, 'Ceara', 30),
(518, 'Distrito Federal', 30),
(519, 'Espirito Santo', 30),
(520, 'Estado de Sao Paulo', 30),
(521, 'Goias', 30),
(522, 'Maranhao', 30),
(523, 'Mato Grosso', 30),
(524, 'Mato Grosso do Sul', 30),
(525, 'Minas Gerais', 30),
(526, 'Para', 30),
(527, 'Paraiba', 30),
(528, 'Parana', 30),
(529, 'Pernambuco', 30),
(530, 'Piaui', 30),
(531, 'Rio Grande do Norte', 30),
(532, 'Rio Grande do Sul', 30),
(533, 'Rio de Janeiro', 30),
(534, 'Rondonia', 30),
(535, 'Roraima', 30),
(536, 'Santa Catarina', 30),
(537, 'Sao Paulo', 30),
(538, 'Sergipe', 30),
(539, 'Tocantins', 30),
(540, 'British Indian Ocean Territory', 31),
(541, 'Belait', 32),
(542, 'Brunei-Muara', 32),
(543, 'Temburong', 32),
(544, 'Tutong', 32),
(545, 'Blagoevgrad', 33),
(546, 'Burgas', 33),
(547, 'Dobrich', 33),
(548, 'Gabrovo', 33),
(549, 'Haskovo', 33),
(550, 'Jambol', 33),
(551, 'Kardzhali', 33),
(552, 'Kjustendil', 33),
(553, 'Lovech', 33),
(554, 'Montana', 33),
(555, 'Oblast Sofiya-Grad', 33),
(556, 'Pazardzhik', 33),
(557, 'Pernik', 33),
(558, 'Pleven', 33),
(559, 'Plovdiv', 33),
(560, 'Razgrad', 33),
(561, 'Ruse', 33),
(562, 'Shumen', 33),
(563, 'Silistra', 33),
(564, 'Sliven', 33),
(565, 'Smoljan', 33),
(566, 'Sofija grad', 33),
(567, 'Sofijska oblast', 33),
(568, 'Stara Zagora', 33),
(569, 'Targovishte', 33),
(570, 'Varna', 33),
(571, 'Veliko Tarnovo', 33),
(572, 'Vidin', 33),
(573, 'Vraca', 33),
(574, 'Yablaniza', 33),
(575, 'Bale', 34),
(576, 'Bam', 34),
(577, 'Bazega', 34),
(578, 'Bougouriba', 34),
(579, 'Boulgou', 34),
(580, 'Boulkiemde', 34),
(581, 'Comoe', 34),
(582, 'Ganzourgou', 34),
(583, 'Gnagna', 34),
(584, 'Gourma', 34),
(585, 'Houet', 34),
(586, 'Ioba', 34),
(587, 'Kadiogo', 34),
(588, 'Kenedougou', 34),
(589, 'Komandjari', 34),
(590, 'Kompienga', 34),
(591, 'Kossi', 34),
(592, 'Kouritenga', 34),
(593, 'Kourweogo', 34),
(594, 'Leraba', 34),
(595, 'Mouhoun', 34),
(596, 'Nahouri', 34),
(597, 'Namentenga', 34),
(598, 'Noumbiel', 34),
(599, 'Oubritenga', 34),
(600, 'Oudalan', 34),
(601, 'Passore', 34),
(602, 'Poni', 34),
(603, 'Sanguie', 34),
(604, 'Sanmatenga', 34),
(605, 'Seno', 34),
(606, 'Sissili', 34),
(607, 'Soum', 34),
(608, 'Sourou', 34),
(609, 'Tapoa', 34),
(610, 'Tuy', 34),
(611, 'Yatenga', 34),
(612, 'Zondoma', 34),
(613, 'Zoundweogo', 34),
(614, 'Bubanza', 35),
(615, 'Bujumbura', 35),
(616, 'Bururi', 35),
(617, 'Cankuzo', 35),
(618, 'Cibitoke', 35),
(619, 'Gitega', 35),
(620, 'Karuzi', 35),
(621, 'Kayanza', 35),
(622, 'Kirundo', 35),
(623, 'Makamba', 35),
(624, 'Muramvya', 35),
(625, 'Muyinga', 35),
(626, 'Ngozi', 35),
(627, 'Rutana', 35),
(628, 'Ruyigi', 35),
(629, 'Banteay Mean Chey', 36),
(630, 'Bat Dambang', 36),
(631, 'Kampong Cham', 36),
(632, 'Kampong Chhnang', 36),
(633, 'Kampong Spoeu', 36),
(634, 'Kampong Thum', 36),
(635, 'Kampot', 36),
(636, 'Kandal', 36),
(637, 'Kaoh Kong', 36),
(638, 'Kracheh', 36),
(639, 'Krong Kaeb', 36),
(640, 'Krong Pailin', 36),
(641, 'Krong Preah Sihanouk', 36),
(642, 'Mondol Kiri', 36),
(643, 'Otdar Mean Chey', 36),
(644, 'Phnum Penh', 36),
(645, 'Pousat', 36),
(646, 'Preah Vihear', 36),
(647, 'Prey Veaeng', 36),
(648, 'Rotanak Kiri', 36),
(649, 'Siem Reab', 36),
(650, 'Stueng Traeng', 36),
(651, 'Svay Rieng', 36),
(652, 'Takaev', 36),
(653, 'Adamaoua', 37),
(654, 'Centre', 37),
(655, 'Est', 37),
(656, 'Littoral', 37),
(657, 'Nord', 37),
(658, 'Nord Extreme', 37),
(659, 'Nordouest', 37),
(660, 'Ouest', 37),
(661, 'Sud', 37),
(662, 'Sudouest', 37),
(663, 'Alberta', 38),
(664, 'British Columbia', 38),
(665, 'Manitoba', 38),
(666, 'New Brunswick', 38),
(667, 'Newfoundland and Labrador', 38),
(668, 'Northwest Territories', 38),
(669, 'Nova Scotia', 38),
(670, 'Nunavut', 38),
(671, 'Ontario', 38),
(672, 'Prince Edward Island', 38),
(673, 'Quebec', 38),
(674, 'Saskatchewan', 38),
(675, 'Yukon', 38),
(676, 'Boavista', 39),
(677, 'Brava', 39),
(678, 'Fogo', 39),
(679, 'Maio', 39),
(680, 'Sal', 39),
(681, 'Santo Antao', 39),
(682, 'Sao Nicolau', 39),
(683, 'Sao Tiago', 39),
(684, 'Sao Vicente', 39),
(685, 'Grand Cayman', 40),
(686, 'Bamingui-Bangoran', 41),
(687, 'Bangui', 41),
(688, 'Basse-Kotto', 41),
(689, 'Haut-Mbomou', 41),
(690, 'Haute-Kotto', 41),
(691, 'Kemo', 41),
(692, 'Lobaye', 41),
(693, 'Mambere-Kadei', 41),
(694, 'Mbomou', 41),
(695, 'Nana-Gribizi', 41),
(696, 'Nana-Mambere', 41),
(697, 'Ombella Mpoko', 41),
(698, 'Ouaka', 41),
(699, 'Ouham', 41),
(700, 'Ouham-Pende', 41),
(701, 'Sangha-Mbaere', 41),
(702, 'Vakaga', 41),
(703, 'Batha', 42),
(704, 'Biltine', 42),
(705, 'Bourkou-Ennedi-Tibesti', 42),
(706, 'Chari-Baguirmi', 42),
(707, 'Guera', 42),
(708, 'Kanem', 42),
(709, 'Lac', 42),
(710, 'Logone Occidental', 42),
(711, 'Logone Oriental', 42),
(712, 'Mayo-Kebbi', 42),
(713, 'Moyen-Chari', 42),
(714, 'Ouaddai', 42),
(715, 'Salamat', 42),
(716, 'Tandjile', 42),
(717, 'Aisen', 43),
(718, 'Antofagasta', 43),
(719, 'Araucania', 43),
(720, 'Atacama', 43),
(721, 'Bio Bio', 43),
(722, 'Coquimbo', 43),
(723, 'Libertador General Bernardo O\'', 43),
(724, 'Los Lagos', 43),
(725, 'Magellanes', 43),
(726, 'Maule', 43),
(727, 'Metropolitana', 43),
(728, 'Metropolitana de Santiago', 43),
(729, 'Tarapaca', 43),
(730, 'Valparaiso', 43),
(731, 'Anhui', 44),
(734, 'Aomen', 44),
(735, 'Beijing', 44),
(736, 'Beijing Shi', 44),
(737, 'Chongqing', 44),
(738, 'Fujian', 44),
(740, 'Gansu', 44),
(741, 'Guangdong', 44),
(743, 'Guangxi', 44),
(744, 'Guizhou', 44),
(745, 'Hainan', 44),
(746, 'Hebei', 44),
(747, 'Heilongjiang', 44),
(748, 'Henan', 44),
(749, 'Hubei', 44),
(750, 'Hunan', 44),
(751, 'Jiangsu', 44),
(753, 'Jiangxi', 44),
(754, 'Jilin', 44),
(755, 'Liaoning', 44),
(757, 'Nei Monggol', 44),
(758, 'Ningxia Hui', 44),
(759, 'Qinghai', 44),
(760, 'Shaanxi', 44),
(761, 'Shandong', 44),
(763, 'Shanghai', 44),
(764, 'Shanxi', 44),
(765, 'Sichuan', 44),
(766, 'Tianjin', 44),
(767, 'Xianggang', 44),
(768, 'Xinjiang', 44),
(769, 'Xizang', 44),
(770, 'Yunnan', 44),
(771, 'Zhejiang', 44),
(773, 'Christmas Island', 45),
(774, 'Cocos (Keeling) Islands', 46),
(775, 'Amazonas', 47),
(776, 'Antioquia', 47),
(777, 'Arauca', 47),
(778, 'Atlantico', 47),
(779, 'Bogota', 47),
(780, 'Bolivar', 47),
(781, 'Boyaca', 47),
(782, 'Caldas', 47),
(783, 'Caqueta', 47),
(784, 'Casanare', 47),
(785, 'Cauca', 47),
(786, 'Cesar', 47),
(787, 'Choco', 47),
(788, 'Cordoba', 47),
(789, 'Cundinamarca', 47),
(790, 'Guainia', 47),
(791, 'Guaviare', 47),
(792, 'Huila', 47),
(793, 'La Guajira', 47),
(794, 'Magdalena', 47),
(795, 'Meta', 47),
(796, 'Narino', 47),
(797, 'Norte de Santander', 47),
(798, 'Putumayo', 47),
(799, 'Quindio', 47),
(800, 'Risaralda', 47),
(801, 'San Andres y Providencia', 47),
(802, 'Santander', 47),
(803, 'Sucre', 47),
(804, 'Tolima', 47),
(805, 'Valle del Cauca', 47),
(806, 'Vaupes', 47),
(807, 'Vichada', 47),
(808, 'Mwali', 48),
(809, 'Njazidja', 48),
(810, 'Nzwani', 48),
(811, 'Bouenza', 49),
(812, 'Brazzaville', 49),
(813, 'Cuvette', 49),
(814, 'Kouilou', 49),
(815, 'Lekoumou', 49),
(816, 'Likouala', 49),
(817, 'Niari', 49),
(818, 'Plateaux', 49),
(819, 'Pool', 49),
(820, 'Sangha', 49),
(821, 'Bandundu', 50),
(822, 'Bas-Congo', 50),
(823, 'Equateur', 50),
(824, 'Haut-Congo', 50),
(825, 'Kasai-Occidental', 50),
(826, 'Kasai-Oriental', 50),
(827, 'Katanga', 50),
(828, 'Kinshasa', 50),
(829, 'Maniema', 50),
(830, 'Nord-Kivu', 50),
(831, 'Sud-Kivu', 50),
(832, 'Aitutaki', 51),
(833, 'Atiu', 51),
(834, 'Mangaia', 51),
(835, 'Manihiki', 51),
(836, 'Mauke', 51),
(837, 'Mitiaro', 51),
(838, 'Nassau', 51),
(839, 'Pukapuka', 51),
(840, 'Rakahanga', 51),
(841, 'Rarotonga', 51),
(842, 'Tongareva', 51),
(843, 'Alajuela', 52),
(844, 'Cartago', 52),
(845, 'Guanacaste', 52),
(846, 'Heredia', 52),
(847, 'Limon', 52),
(848, 'Puntarenas', 52),
(849, 'San Jose', 52),
(850, 'Abidjan', 53),
(851, 'Agneby', 53),
(852, 'Bafing', 53),
(853, 'Denguele', 53),
(854, 'Dix-huit Montagnes', 53),
(855, 'Fromager', 53),
(856, 'Haut-Sassandra', 53),
(857, 'Lacs', 53),
(858, 'Lagunes', 53),
(859, 'Marahoue', 53),
(860, 'Moyen-Cavally', 53),
(861, 'Moyen-Comoe', 53),
(862, 'N\'zi-Comoe', 53),
(863, 'Sassandra', 53),
(864, 'Savanes', 53),
(865, 'Sud-Bandama', 53),
(866, 'Sud-Comoe', 53),
(867, 'Vallee du Bandama', 53),
(868, 'Worodougou', 53),
(869, 'Zanzan', 53),
(870, 'Bjelovar-Bilogora', 54),
(871, 'Dubrovnik-Neretva', 54),
(872, 'Grad Zagreb', 54),
(873, 'Istra', 54),
(874, 'Karlovac', 54),
(875, 'Koprivnica-Krizhevci', 54),
(876, 'Krapina-Zagorje', 54),
(877, 'Lika-Senj', 54),
(878, 'Medhimurje', 54),
(879, 'Medimurska Zupanija', 54),
(880, 'Osijek-Baranja', 54),
(881, 'Osjecko-Baranjska Zupanija', 54),
(882, 'Pozhega-Slavonija', 54),
(883, 'Primorje-Gorski Kotar', 54),
(884, 'Shibenik-Knin', 54),
(885, 'Sisak-Moslavina', 54),
(886, 'Slavonski Brod-Posavina', 54),
(887, 'Split-Dalmacija', 54),
(888, 'Varazhdin', 54),
(889, 'Virovitica-Podravina', 54),
(890, 'Vukovar-Srijem', 54),
(891, 'Zadar', 54),
(892, 'Zagreb', 54),
(893, 'Camaguey', 55),
(894, 'Ciego de Avila', 55),
(895, 'Cienfuegos', 55),
(896, 'Ciudad de la Habana', 55),
(897, 'Granma', 55),
(898, 'Guantanamo', 55),
(899, 'Habana', 55),
(900, 'Holguin', 55),
(901, 'Isla de la Juventud', 55),
(902, 'La Habana', 55),
(903, 'Las Tunas', 55),
(904, 'Matanzas', 55),
(905, 'Pinar del Rio', 55),
(906, 'Sancti Spiritus', 55),
(907, 'Santiago de Cuba', 55),
(908, 'Villa Clara', 55),
(909, 'Government controlled area', 56),
(910, 'Limassol', 56),
(911, 'Nicosia District', 56),
(912, 'Paphos', 56),
(913, 'Turkish controlled area', 56),
(914, 'Central Bohemian', 57),
(915, 'Frycovice', 57),
(916, 'Jihocesky Kraj', 57),
(917, 'Jihochesky', 57),
(918, 'Jihomoravsky', 57),
(919, 'Karlovarsky', 57),
(920, 'Klecany', 57),
(921, 'Kralovehradecky', 57),
(922, 'Liberecky', 57),
(923, 'Lipov', 57),
(924, 'Moravskoslezsky', 57),
(925, 'Olomoucky', 57),
(926, 'Olomoucky Kraj', 57),
(927, 'Pardubicky', 57),
(928, 'Plzensky', 57),
(929, 'Praha', 57),
(930, 'Rajhrad', 57),
(931, 'Smirice', 57),
(932, 'South Moravian', 57),
(933, 'Straz nad Nisou', 57),
(934, 'Stredochesky', 57),
(935, 'Unicov', 57),
(936, 'Ustecky', 57),
(937, 'Valletta', 57),
(938, 'Velesin', 57),
(939, 'Vysochina', 57),
(940, 'Zlinsky', 57),
(941, 'Arhus', 58),
(942, 'Bornholm', 58),
(943, 'Frederiksborg', 58),
(944, 'Fyn', 58),
(945, 'Hovedstaden', 58),
(946, 'Kobenhavn', 58),
(947, 'Kobenhavns Amt', 58),
(948, 'Kobenhavns Kommune', 58),
(949, 'Nordjylland', 58),
(950, 'Ribe', 58),
(951, 'Ringkobing', 58),
(952, 'Roervig', 58),
(953, 'Roskilde', 58),
(954, 'Roslev', 58),
(955, 'Sjaelland', 58),
(956, 'Soeborg', 58),
(957, 'Sonderjylland', 58),
(958, 'Storstrom', 58),
(959, 'Syddanmark', 58),
(960, 'Toelloese', 58),
(961, 'Vejle', 58),
(962, 'Vestsjalland', 58),
(963, 'Viborg', 58),
(964, '\'Ali Sabih', 59),
(965, 'Dikhil', 59),
(966, 'Jibuti', 59),
(967, 'Tajurah', 59),
(968, 'Ubuk', 59),
(969, 'Saint Andrew', 60),
(970, 'Saint David', 60),
(971, 'Saint George', 60),
(972, 'Saint John', 60),
(973, 'Saint Joseph', 60),
(974, 'Saint Luke', 60),
(975, 'Saint Mark', 60),
(976, 'Saint Patrick', 60),
(977, 'Saint Paul', 60),
(978, 'Saint Peter', 60),
(979, 'Azua', 61),
(980, 'Bahoruco', 61),
(981, 'Barahona', 61),
(982, 'Dajabon', 61),
(983, 'Distrito Nacional', 61),
(984, 'Duarte', 61),
(985, 'El Seybo', 61),
(986, 'Elias Pina', 61),
(987, 'Espaillat', 61),
(988, 'Hato Mayor', 61),
(989, 'Independencia', 61),
(990, 'La Altagracia', 61),
(991, 'La Romana', 61),
(992, 'La Vega', 61),
(993, 'Maria Trinidad Sanchez', 61),
(994, 'Monsenor Nouel', 61),
(995, 'Monte Cristi', 61),
(996, 'Monte Plata', 61),
(997, 'Pedernales', 61),
(998, 'Peravia', 61),
(999, 'Puerto Plata', 61),
(1000, 'Salcedo', 61),
(1001, 'Samana', 61),
(1002, 'San Cristobal', 61),
(1003, 'San Juan', 61),
(1004, 'San Pedro de Macoris', 61),
(1005, 'Sanchez Ramirez', 61),
(1006, 'Santiago', 61),
(1007, 'Santiago Rodriguez', 61),
(1008, 'Valverde', 61),
(1009, 'Aileu', 62),
(1010, 'Ainaro', 62),
(1011, 'Ambeno', 62),
(1012, 'Baucau', 62),
(1013, 'Bobonaro', 62),
(1014, 'Cova Lima', 62),
(1015, 'Dili', 62),
(1016, 'Ermera', 62),
(1017, 'Lautem', 62),
(1018, 'Liquica', 62),
(1019, 'Manatuto', 62),
(1020, 'Manufahi', 62),
(1021, 'Viqueque', 62),
(1022, 'Azuay', 63),
(1023, 'Bolivar', 63),
(1024, 'Canar', 63),
(1025, 'Carchi', 63),
(1026, 'Chimborazo', 63),
(1027, 'Cotopaxi', 63),
(1028, 'El Oro', 63),
(1029, 'Esmeraldas', 63),
(1030, 'Galapagos', 63),
(1031, 'Guayas', 63),
(1032, 'Imbabura', 63),
(1033, 'Loja', 63),
(1034, 'Los Rios', 63),
(1035, 'Manabi', 63),
(1036, 'Morona Santiago', 63),
(1037, 'Napo', 63),
(1038, 'Orellana', 63),
(1039, 'Pastaza', 63),
(1040, 'Pichincha', 63),
(1041, 'Sucumbios', 63),
(1042, 'Tungurahua', 63),
(1043, 'Zamora Chinchipe', 63),
(1044, 'Aswan', 64),
(1045, 'Asyut', 64),
(1046, 'Bani Suwayf', 64),
(1047, 'Bur Sa\'id', 64),
(1048, 'Cairo', 64),
(1049, 'Dumyat', 64),
(1050, 'Kafr-ash-Shaykh', 64),
(1051, 'Matruh', 64),
(1052, 'Muhafazat ad Daqahliyah', 64),
(1053, 'Muhafazat al Fayyum', 64),
(1054, 'Muhafazat al Gharbiyah', 64),
(1055, 'Muhafazat al Iskandariyah', 64),
(1056, 'Muhafazat al Qahirah', 64),
(1057, 'Qina', 64),
(1058, 'Sawhaj', 64),
(1059, 'Sina al-Janubiyah', 64),
(1060, 'Sina ash-Shamaliyah', 64),
(1061, 'ad-Daqahliyah', 64),
(1062, 'al-Bahr-al-Ahmar', 64),
(1063, 'al-Buhayrah', 64),
(1064, 'al-Fayyum', 64),
(1065, 'al-Gharbiyah', 64),
(1066, 'al-Iskandariyah', 64),
(1067, 'al-Ismailiyah', 64),
(1068, 'al-Jizah', 64),
(1069, 'al-Minufiyah', 64),
(1070, 'al-Minya', 64),
(1071, 'al-Qahira', 64),
(1072, 'al-Qalyubiyah', 64),
(1073, 'al-Uqsur', 64),
(1074, 'al-Wadi al-Jadid', 64),
(1075, 'as-Suways', 64),
(1076, 'ash-Sharqiyah', 64),
(1077, 'Ahuachapan', 65),
(1078, 'Cabanas', 65),
(1079, 'Chalatenango', 65),
(1080, 'Cuscatlan', 65),
(1081, 'La Libertad', 65),
(1082, 'La Paz', 65),
(1083, 'La Union', 65),
(1084, 'Morazan', 65),
(1085, 'San Miguel', 65),
(1086, 'San Salvador', 65),
(1087, 'San Vicente', 65),
(1088, 'Santa Ana', 65),
(1089, 'Sonsonate', 65),
(1090, 'Usulutan', 65),
(1091, 'Annobon', 66),
(1092, 'Bioko Norte', 66),
(1093, 'Bioko Sur', 66),
(1094, 'Centro Sur', 66),
(1095, 'Kie-Ntem', 66),
(1096, 'Litoral', 66),
(1097, 'Wele-Nzas', 66),
(1098, 'Anseba', 67),
(1099, 'Debub', 67),
(1100, 'Debub-Keih-Bahri', 67),
(1101, 'Gash-Barka', 67),
(1102, 'Maekel', 67),
(1103, 'Semien-Keih-Bahri', 67),
(1104, 'Harju', 68),
(1105, 'Hiiu', 68),
(1106, 'Ida-Viru', 68),
(1107, 'Jarva', 68),
(1108, 'Jogeva', 68),
(1109, 'Laane', 68),
(1110, 'Laane-Viru', 68),
(1111, 'Parnu', 68),
(1112, 'Polva', 68),
(1113, 'Rapla', 68),
(1114, 'Saare', 68),
(1115, 'Tartu', 68),
(1116, 'Valga', 68),
(1117, 'Viljandi', 68),
(1118, 'Voru', 68),
(1119, 'Addis Abeba', 69),
(1120, 'Afar', 69),
(1121, 'Amhara', 69),
(1122, 'Benishangul', 69),
(1123, 'Diredawa', 69),
(1124, 'Gambella', 69),
(1125, 'Harar', 69),
(1126, 'Jigjiga', 69),
(1127, 'Mekele', 69),
(1128, 'Oromia', 69),
(1129, 'Somali', 69),
(1130, 'Southern', 69),
(1131, 'Tigray', 69),
(1132, 'Christmas Island', 70),
(1133, 'Cocos Islands', 70),
(1134, 'Coral Sea Islands', 70),
(1135, 'Falkland Islands', 71),
(1136, 'South Georgia', 71),
(1137, 'Klaksvik', 72),
(1138, 'Nor ara Eysturoy', 72),
(1139, 'Nor oy', 72),
(1140, 'Sandoy', 72),
(1141, 'Streymoy', 72),
(1142, 'Su uroy', 72),
(1143, 'Sy ra Eysturoy', 72),
(1144, 'Torshavn', 72),
(1145, 'Vaga', 72),
(1146, 'Central', 73),
(1147, 'Eastern', 73),
(1148, 'Northern', 73),
(1149, 'South Pacific', 73),
(1150, 'Western', 73),
(1151, 'Ahvenanmaa', 74),
(1152, 'Etela-Karjala', 74),
(1153, 'Etela-Pohjanmaa', 74),
(1154, 'Etela-Savo', 74),
(1155, 'Etela-Suomen Laani', 74),
(1156, 'Ita-Suomen Laani', 74),
(1157, 'Ita-Uusimaa', 74),
(1158, 'Kainuu', 74),
(1159, 'Kanta-Hame', 74),
(1160, 'Keski-Pohjanmaa', 74),
(1161, 'Keski-Suomi', 74),
(1162, 'Kymenlaakso', 74),
(1163, 'Lansi-Suomen Laani', 74),
(1164, 'Lappi', 74),
(1165, 'Northern Savonia', 74),
(1166, 'Ostrobothnia', 74),
(1167, 'Oulun Laani', 74),
(1168, 'Paijat-Hame', 74),
(1169, 'Pirkanmaa', 74),
(1170, 'Pohjanmaa', 74),
(1171, 'Pohjois-Karjala', 74),
(1172, 'Pohjois-Pohjanmaa', 74),
(1173, 'Pohjois-Savo', 74),
(1174, 'Saarijarvi', 74),
(1175, 'Satakunta', 74),
(1176, 'Southern Savonia', 74),
(1177, 'Tavastia Proper', 74),
(1178, 'Uleaborgs Lan', 74),
(1179, 'Uusimaa', 74),
(1180, 'Varsinais-Suomi', 74),
(1181, 'Ain', 75),
(1182, 'Aisne', 75),
(1183, 'Albi Le Sequestre', 75),
(1184, 'Allier', 75),
(1185, 'Alpes-Cote dAzur', 75),
(1186, 'Alpes-Maritimes', 75),
(1187, 'Alpes-de-Haute-Provence', 75),
(1188, 'Alsace', 75),
(1189, 'Aquitaine', 75),
(1190, 'Ardeche', 75),
(1191, 'Ardennes', 75),
(1192, 'Ariege', 75),
(1193, 'Aube', 75),
(1194, 'Aude', 75),
(1195, 'Auvergne', 75),
(1196, 'Aveyron', 75),
(1197, 'Bas-Rhin', 75),
(1198, 'Basse-Normandie', 75),
(1199, 'Bouches-du-Rhone', 75),
(1200, 'Bourgogne', 75),
(1201, 'Bretagne', 75),
(1202, 'Brittany', 75),
(1203, 'Burgundy', 75),
(1204, 'Calvados', 75),
(1205, 'Cantal', 75),
(1206, 'Cedex', 75),
(1207, 'Centre', 75),
(1208, 'Charente', 75),
(1209, 'Charente-Maritime', 75),
(1210, 'Cher', 75),
(1211, 'Correze', 75),
(1212, 'Corse-du-Sud', 75),
(1213, 'Cote-d\'Or', 75),
(1214, 'Cotes-d\'Armor', 75),
(1215, 'Creuse', 75),
(1216, 'Crolles', 75),
(1217, 'Deux-Sevres', 75),
(1218, 'Dordogne', 75),
(1219, 'Doubs', 75),
(1220, 'Drome', 75),
(1221, 'Essonne', 75),
(1222, 'Eure', 75),
(1223, 'Eure-et-Loir', 75),
(1224, 'Feucherolles', 75),
(1225, 'Finistere', 75),
(1226, 'Franche-Comte', 75),
(1227, 'Gard', 75),
(1228, 'Gers', 75),
(1229, 'Gironde', 75),
(1230, 'Haut-Rhin', 75),
(1231, 'Haute-Corse', 75),
(1232, 'Haute-Garonne', 75),
(1233, 'Haute-Loire', 75),
(1234, 'Haute-Marne', 75),
(1235, 'Haute-Saone', 75),
(1236, 'Haute-Savoie', 75),
(1237, 'Haute-Vienne', 75),
(1238, 'Hautes-Alpes', 75),
(1239, 'Hautes-Pyrenees', 75),
(1240, 'Hauts-de-Seine', 75),
(1241, 'Herault', 75),
(1242, 'Ile-de-France', 75),
(1243, 'Ille-et-Vilaine', 75),
(1244, 'Indre', 75),
(1245, 'Indre-et-Loire', 75),
(1246, 'Isere', 75),
(1247, 'Jura', 75),
(1248, 'Klagenfurt', 75),
(1249, 'Landes', 75),
(1250, 'Languedoc-Roussillon', 75),
(1251, 'Larcay', 75),
(1252, 'Le Castellet', 75),
(1253, 'Le Creusot', 75),
(1254, 'Limousin', 75),
(1255, 'Loir-et-Cher', 75),
(1256, 'Loire', 75),
(1257, 'Loire-Atlantique', 75),
(1258, 'Loiret', 75),
(1259, 'Lorraine', 75),
(1260, 'Lot', 75),
(1261, 'Lot-et-Garonne', 75),
(1262, 'Lower Normandy', 75),
(1263, 'Lozere', 75),
(1264, 'Maine-et-Loire', 75),
(1265, 'Manche', 75),
(1266, 'Marne', 75),
(1267, 'Mayenne', 75),
(1268, 'Meurthe-et-Moselle', 75),
(1269, 'Meuse', 75),
(1270, 'Midi-Pyrenees', 75),
(1271, 'Morbihan', 75),
(1272, 'Moselle', 75),
(1273, 'Nievre', 75),
(1274, 'Nord', 75),
(1275, 'Nord-Pas-de-Calais', 75),
(1276, 'Oise', 75),
(1277, 'Orne', 75),
(1278, 'Paris', 75),
(1279, 'Pas-de-Calais', 75),
(1280, 'Pays de la Loire', 75),
(1281, 'Pays-de-la-Loire', 75),
(1282, 'Picardy', 75),
(1283, 'Puy-de-Dome', 75),
(1284, 'Pyrenees-Atlantiques', 75),
(1285, 'Pyrenees-Orientales', 75),
(1286, 'Quelmes', 75),
(1287, 'Rhone', 75),
(1288, 'Rhone-Alpes', 75),
(1289, 'Saint Ouen', 75),
(1290, 'Saint Viatre', 75),
(1291, 'Saone-et-Loire', 75),
(1292, 'Sarthe', 75),
(1293, 'Savoie', 75),
(1294, 'Seine-Maritime', 75),
(1295, 'Seine-Saint-Denis', 75),
(1296, 'Seine-et-Marne', 75),
(1297, 'Somme', 75),
(1298, 'Sophia Antipolis', 75),
(1299, 'Souvans', 75),
(1300, 'Tarn', 75),
(1301, 'Tarn-et-Garonne', 75),
(1302, 'Territoire de Belfort', 75),
(1303, 'Treignac', 75),
(1304, 'Upper Normandy', 75),
(1305, 'Val-d\'Oise', 75),
(1306, 'Val-de-Marne', 75),
(1307, 'Var', 75),
(1308, 'Vaucluse', 75),
(1309, 'Vellise', 75),
(1310, 'Vendee', 75),
(1311, 'Vienne', 75),
(1312, 'Vosges', 75),
(1313, 'Yonne', 75),
(1314, 'Yvelines', 75),
(1315, 'Cayenne', 76),
(1316, 'Saint-Laurent-du-Maroni', 76),
(1317, 'Iles du Vent', 77),
(1318, 'Iles sous le Vent', 77),
(1319, 'Marquesas', 77),
(1320, 'Tuamotu', 77),
(1321, 'Tubuai', 77),
(1322, 'Amsterdam', 78),
(1323, 'Crozet Islands', 78),
(1324, 'Kerguelen', 78),
(1325, 'Estuaire', 79),
(1326, 'Haut-Ogooue', 79),
(1327, 'Moyen-Ogooue', 79),
(1328, 'Ngounie', 79),
(1329, 'Nyanga', 79),
(1330, 'Ogooue-Ivindo', 79),
(1331, 'Ogooue-Lolo', 79),
(1332, 'Ogooue-Maritime', 79),
(1333, 'Woleu-Ntem', 79),
(1334, 'Banjul', 80),
(1335, 'Basse', 80),
(1336, 'Brikama', 80),
(1337, 'Janjanbureh', 80),
(1338, 'Kanifing', 80),
(1339, 'Kerewan', 80),
(1340, 'Kuntaur', 80),
(1341, 'Mansakonko', 80),
(1342, 'Abhasia', 81),
(1343, 'Ajaria', 81),
(1344, 'Guria', 81),
(1345, 'Imereti', 81),
(1346, 'Kaheti', 81),
(1347, 'Kvemo Kartli', 81),
(1348, 'Mcheta-Mtianeti', 81),
(1349, 'Racha', 81),
(1350, 'Samagrelo-Zemo Svaneti', 81),
(1351, 'Samche-Zhavaheti', 81),
(1352, 'Shida Kartli', 81),
(1353, 'Tbilisi', 81),
(1354, 'Auvergne', 82),
(1355, 'Baden-Wurttemberg', 82),
(1356, 'Bavaria', 82),
(1357, 'Bayern', 82),
(1358, 'Beilstein Wurtt', 82),
(1359, 'Berlin', 82),
(1360, 'Brandenburg', 82),
(1361, 'Bremen', 82),
(1362, 'Dreisbach', 82),
(1363, 'Freistaat Bayern', 82),
(1364, 'Hamburg', 82),
(1365, 'Hannover', 82),
(1366, 'Heroldstatt', 82),
(1367, 'Hessen', 82),
(1368, 'Kortenberg', 82),
(1369, 'Laasdorf', 82),
(1370, 'Land Baden-Wurttemberg', 82),
(1371, 'Land Bayern', 82),
(1372, 'Land Brandenburg', 82),
(1373, 'Land Hessen', 82),
(1374, 'Land Mecklenburg-Vorpommern', 82),
(1375, 'Land Nordrhein-Westfalen', 82),
(1376, 'Land Rheinland-Pfalz', 82),
(1377, 'Land Sachsen', 82),
(1378, 'Land Sachsen-Anhalt', 82),
(1379, 'Land Thuringen', 82),
(1380, 'Lower Saxony', 82),
(1381, 'Mecklenburg-Vorpommern', 82),
(1382, 'Mulfingen', 82),
(1383, 'Munich', 82),
(1384, 'Neubeuern', 82),
(1385, 'Niedersachsen', 82),
(1386, 'Noord-Holland', 82),
(1387, 'Nordrhein-Westfalen', 82),
(1388, 'North Rhine-Westphalia', 82),
(1389, 'Osterode', 82),
(1390, 'Rheinland-Pfalz', 82),
(1391, 'Rhineland-Palatinate', 82),
(1392, 'Saarland', 82),
(1393, 'Sachsen', 82),
(1394, 'Sachsen-Anhalt', 82),
(1395, 'Saxony', 82),
(1396, 'Schleswig-Holstein', 82),
(1397, 'Thuringia', 82),
(1398, 'Webling', 82),
(1399, 'Weinstrabe', 82),
(1400, 'schlobborn', 82),
(1401, 'Ashanti', 83),
(1402, 'Brong-Ahafo', 83),
(1403, 'Central', 83),
(1404, 'Eastern', 83),
(1405, 'Greater Accra', 83),
(1406, 'Northern', 83),
(1407, 'Upper East', 83),
(1408, 'Upper West', 83),
(1409, 'Volta', 83),
(1410, 'Western', 83),
(1411, 'Gibraltar', 84),
(1412, 'Acharnes', 85),
(1413, 'Ahaia', 85),
(1414, 'Aitolia kai Akarnania', 85),
(1415, 'Argolis', 85),
(1416, 'Arkadia', 85),
(1417, 'Arta', 85),
(1418, 'Attica', 85),
(1419, 'Attiki', 85),
(1420, 'Ayion Oros', 85),
(1421, 'Crete', 85),
(1422, 'Dodekanisos', 85),
(1423, 'Drama', 85),
(1424, 'Evia', 85),
(1425, 'Evritania', 85),
(1426, 'Evros', 85),
(1427, 'Evvoia', 85),
(1428, 'Florina', 85),
(1429, 'Fokis', 85),
(1430, 'Fthiotis', 85),
(1431, 'Grevena', 85),
(1432, 'Halandri', 85),
(1433, 'Halkidiki', 85),
(1434, 'Hania', 85),
(1435, 'Heraklion', 85),
(1436, 'Hios', 85),
(1437, 'Ilia', 85),
(1438, 'Imathia', 85),
(1439, 'Ioannina', 85),
(1440, 'Iraklion', 85),
(1441, 'Karditsa', 85),
(1442, 'Kastoria', 85),
(1443, 'Kavala', 85),
(1444, 'Kefallinia', 85),
(1445, 'Kerkira', 85),
(1446, 'Kiklades', 85),
(1447, 'Kilkis', 85),
(1448, 'Korinthia', 85),
(1449, 'Kozani', 85),
(1450, 'Lakonia', 85),
(1451, 'Larisa', 85),
(1452, 'Lasithi', 85),
(1453, 'Lesvos', 85),
(1454, 'Levkas', 85),
(1455, 'Magnisia', 85),
(1456, 'Messinia', 85),
(1457, 'Nomos Attikis', 85),
(1458, 'Nomos Zakynthou', 85),
(1459, 'Pella', 85),
(1460, 'Pieria', 85),
(1461, 'Piraios', 85),
(1462, 'Preveza', 85),
(1463, 'Rethimni', 85),
(1464, 'Rodopi', 85),
(1465, 'Samos', 85),
(1466, 'Serrai', 85),
(1467, 'Thesprotia', 85),
(1468, 'Thessaloniki', 85),
(1469, 'Trikala', 85),
(1470, 'Voiotia', 85),
(1471, 'West Greece', 85),
(1472, 'Xanthi', 85),
(1473, 'Zakinthos', 85),
(1474, 'Aasiaat', 86),
(1475, 'Ammassalik', 86),
(1476, 'Illoqqortoormiut', 86),
(1477, 'Ilulissat', 86),
(1478, 'Ivittuut', 86),
(1479, 'Kangaatsiaq', 86),
(1480, 'Maniitsoq', 86),
(1481, 'Nanortalik', 86),
(1482, 'Narsaq', 86),
(1483, 'Nuuk', 86),
(1484, 'Paamiut', 86),
(1485, 'Qaanaaq', 86),
(1486, 'Qaqortoq', 86),
(1487, 'Qasigiannguit', 86),
(1488, 'Qeqertarsuaq', 86),
(1489, 'Sisimiut', 86),
(1490, 'Udenfor kommunal inddeling', 86),
(1491, 'Upernavik', 86),
(1492, 'Uummannaq', 86),
(1493, 'Carriacou-Petite Martinique', 87),
(1494, 'Saint Andrew', 87),
(1495, 'Saint Davids', 87),
(1496, 'Saint George\'s', 87),
(1497, 'Saint John', 87),
(1498, 'Saint Mark', 87),
(1499, 'Saint Patrick', 87),
(1500, 'Basse-Terre', 88),
(1501, 'Grande-Terre', 88),
(1502, 'Iles des Saintes', 88),
(1503, 'La Desirade', 88),
(1504, 'Marie-Galante', 88),
(1505, 'Saint Barthelemy', 88),
(1506, 'Saint Martin', 88),
(1507, 'Agana Heights', 89),
(1508, 'Agat', 89),
(1509, 'Barrigada', 89),
(1510, 'Chalan-Pago-Ordot', 89),
(1511, 'Dededo', 89),
(1512, 'Hagatna', 89),
(1513, 'Inarajan', 89),
(1514, 'Mangilao', 89),
(1515, 'Merizo', 89),
(1516, 'Mongmong-Toto-Maite', 89),
(1517, 'Santa Rita', 89),
(1518, 'Sinajana', 89),
(1519, 'Talofofo', 89),
(1520, 'Tamuning', 89),
(1521, 'Yigo', 89),
(1522, 'Yona', 89),
(1523, 'Alta Verapaz', 90),
(1524, 'Baja Verapaz', 90),
(1525, 'Chimaltenango', 90),
(1526, 'Chiquimula', 90),
(1527, 'El Progreso', 90),
(1528, 'Escuintla', 90),
(1529, 'Guatemala', 90),
(1530, 'Huehuetenango', 90),
(1531, 'Izabal', 90),
(1532, 'Jalapa', 90),
(1533, 'Jutiapa', 90),
(1534, 'Peten', 90),
(1535, 'Quezaltenango', 90),
(1536, 'Quiche', 90),
(1537, 'Retalhuleu', 90),
(1538, 'Sacatepequez', 90),
(1539, 'San Marcos', 90),
(1540, 'Santa Rosa', 90),
(1541, 'Solola', 90),
(1542, 'Suchitepequez', 90),
(1543, 'Totonicapan', 90),
(1544, 'Zacapa', 90),
(1545, 'Alderney', 91),
(1546, 'Castel', 91),
(1547, 'Forest', 91),
(1548, 'Saint Andrew', 91),
(1549, 'Saint Martin', 91),
(1550, 'Saint Peter Port', 91),
(1551, 'Saint Pierre du Bois', 91),
(1552, 'Saint Sampson', 91),
(1553, 'Saint Saviour', 91),
(1554, 'Sark', 91),
(1555, 'Torteval', 91),
(1556, 'Vale', 91),
(1557, 'Beyla', 92),
(1558, 'Boffa', 92),
(1559, 'Boke', 92),
(1560, 'Conakry', 92),
(1561, 'Coyah', 92),
(1562, 'Dabola', 92),
(1563, 'Dalaba', 92),
(1564, 'Dinguiraye', 92),
(1565, 'Faranah', 92),
(1566, 'Forecariah', 92),
(1567, 'Fria', 92),
(1568, 'Gaoual', 92),
(1569, 'Gueckedou', 92),
(1570, 'Kankan', 92),
(1571, 'Kerouane', 92),
(1572, 'Kindia', 92),
(1573, 'Kissidougou', 92),
(1574, 'Koubia', 92),
(1575, 'Koundara', 92),
(1576, 'Kouroussa', 92),
(1577, 'Labe', 92),
(1578, 'Lola', 92),
(1579, 'Macenta', 92),
(1580, 'Mali', 92),
(1581, 'Mamou', 92),
(1582, 'Mandiana', 92),
(1583, 'Nzerekore', 92),
(1584, 'Pita', 92),
(1585, 'Siguiri', 92),
(1586, 'Telimele', 92),
(1587, 'Tougue', 92),
(1588, 'Yomou', 92),
(1589, 'Bafata', 93),
(1590, 'Bissau', 93),
(1591, 'Bolama', 93),
(1592, 'Cacheu', 93),
(1593, 'Gabu', 93),
(1594, 'Oio', 93),
(1595, 'Quinara', 93),
(1596, 'Tombali', 93),
(1597, 'Barima-Waini', 94),
(1598, 'Cuyuni-Mazaruni', 94),
(1599, 'Demerara-Mahaica', 94),
(1600, 'East Berbice-Corentyne', 94),
(1601, 'Essequibo Islands-West Demerar', 94),
(1602, 'Mahaica-Berbice', 94),
(1603, 'Pomeroon-Supenaam', 94),
(1604, 'Potaro-Siparuni', 94),
(1605, 'Upper Demerara-Berbice', 94),
(1606, 'Upper Takutu-Upper Essequibo', 94),
(1607, 'Artibonite', 95),
(1608, 'Centre', 95),
(1609, 'Grand\'Anse', 95),
(1610, 'Nord', 95),
(1611, 'Nord-Est', 95),
(1612, 'Nord-Ouest', 95),
(1613, 'Ouest', 95),
(1614, 'Sud', 95),
(1615, 'Sud-Est', 95),
(1616, 'Heard and McDonald Islands', 96),
(1617, 'Atlantida', 97),
(1618, 'Choluteca', 97),
(1619, 'Colon', 97),
(1620, 'Comayagua', 97),
(1621, 'Copan', 97),
(1622, 'Cortes', 97),
(1623, 'Distrito Central', 97),
(1624, 'El Paraiso', 97),
(1625, 'Francisco Morazan', 97),
(1626, 'Gracias a Dios', 97),
(1627, 'Intibuca', 97),
(1628, 'Islas de la Bahia', 97),
(1629, 'La Paz', 97),
(1630, 'Lempira', 97),
(1631, 'Ocotepeque', 97),
(1632, 'Olancho', 97),
(1633, 'Santa Barbara', 97),
(1634, 'Valle', 97),
(1635, 'Yoro', 97),
(1636, 'Hong Kong', 98),
(1637, 'Bacs-Kiskun', 99),
(1638, 'Baranya', 99),
(1639, 'Bekes', 99),
(1640, 'Borsod-Abauj-Zemplen', 99),
(1641, 'Budapest', 99),
(1642, 'Csongrad', 99),
(1643, 'Fejer', 99),
(1644, 'Gyor-Moson-Sopron', 99),
(1645, 'Hajdu-Bihar', 99),
(1646, 'Heves', 99),
(1647, 'Jasz-Nagykun-Szolnok', 99),
(1648, 'Komarom-Esztergom', 99),
(1649, 'Nograd', 99),
(1650, 'Pest', 99),
(1651, 'Somogy', 99),
(1652, 'Szabolcs-Szatmar-Bereg', 99),
(1653, 'Tolna', 99),
(1654, 'Vas', 99),
(1655, 'Veszprem', 99),
(1656, 'Zala', 99),
(1657, 'Austurland', 100),
(1658, 'Gullbringusysla', 100),
(1659, 'Hofu borgarsva i', 100),
(1660, 'Nor urland eystra', 100),
(1661, 'Nor urland vestra', 100),
(1662, 'Su urland', 100),
(1663, 'Su urnes', 100),
(1664, 'Vestfir ir', 100),
(1665, 'Vesturland', 100),
(1666, 'Aceh', 102),
(1667, 'Bali', 102),
(1668, 'Bangka-Belitung', 102),
(1669, 'Banten', 102),
(1670, 'Bengkulu', 102),
(1671, 'Gandaria', 102),
(1672, 'Gorontalo', 102),
(1673, 'Jakarta', 102),
(1674, 'Jambi', 102),
(1675, 'Jawa Barat', 102),
(1676, 'Jawa Tengah', 102),
(1677, 'Jawa Timur', 102),
(1678, 'Kalimantan Barat', 102),
(1679, 'Kalimantan Selatan', 102),
(1680, 'Kalimantan Tengah', 102),
(1681, 'Kalimantan Timur', 102),
(1682, 'Kendal', 102),
(1683, 'Lampung', 102),
(1684, 'Maluku', 102),
(1685, 'Maluku Utara', 102),
(1686, 'Nusa Tenggara Barat', 102),
(1687, 'Nusa Tenggara Timur', 102),
(1688, 'Papua', 102),
(1689, 'Riau', 102),
(1690, 'Riau Kepulauan', 102),
(1691, 'Solo', 102),
(1692, 'Sulawesi Selatan', 102),
(1693, 'Sulawesi Tengah', 102),
(1694, 'Sulawesi Tenggara', 102),
(1695, 'Sulawesi Utara', 102),
(1696, 'Sumatera Barat', 102),
(1697, 'Sumatera Selatan', 102),
(1698, 'Sumatera Utara', 102),
(1699, 'Yogyakarta', 102),
(1700, 'Ardabil', 103),
(1701, 'Azarbayjan-e Bakhtari', 103),
(1702, 'Azarbayjan-e Khavari', 103),
(1703, 'Bushehr', 103),
(1704, 'Chahar Mahal-e Bakhtiari', 103),
(1705, 'Esfahan', 103),
(1706, 'Fars', 103),
(1707, 'Gilan', 103),
(1708, 'Golestan', 103),
(1709, 'Hamadan', 103),
(1710, 'Hormozgan', 103),
(1711, 'Ilam', 103),
(1712, 'Kerman', 103),
(1713, 'Kermanshah', 103),
(1714, 'Khorasan', 103),
(1715, 'Khuzestan', 103),
(1716, 'Kohgiluyeh-e Boyerahmad', 103),
(1717, 'Kordestan', 103),
(1718, 'Lorestan', 103),
(1719, 'Markazi', 103),
(1720, 'Mazandaran', 103),
(1721, 'Ostan-e Esfahan', 103),
(1722, 'Qazvin', 103),
(1723, 'Qom', 103),
(1724, 'Semnan', 103),
(1725, 'Sistan-e Baluchestan', 103),
(1726, 'Tehran', 103),
(1727, 'Yazd', 103),
(1728, 'Zanjan', 103),
(1729, 'Babil', 104),
(1730, 'Baghdad', 104),
(1731, 'Dahuk', 104),
(1732, 'Dhi Qar', 104),
(1733, 'Diyala', 104),
(1734, 'Erbil', 104),
(1735, 'Irbil', 104),
(1736, 'Karbala', 104),
(1737, 'Kurdistan', 104),
(1738, 'Maysan', 104),
(1739, 'Ninawa', 104),
(1740, 'Salah-ad-Din', 104),
(1741, 'Wasit', 104),
(1742, 'al-Anbar', 104),
(1743, 'al-Basrah', 104),
(1744, 'al-Muthanna', 104),
(1745, 'al-Qadisiyah', 104),
(1746, 'an-Najaf', 104),
(1747, 'as-Sulaymaniyah', 104),
(1748, 'at-Ta\'mim', 104),
(1749, 'Armagh', 105),
(1750, 'Carlow', 105),
(1751, 'Cavan', 105),
(1752, 'Clare', 105),
(1753, 'Cork', 105),
(1754, 'Donegal', 105),
(1755, 'Dublin', 105),
(1756, 'Galway', 105),
(1757, 'Kerry', 105),
(1758, 'Kildare', 105),
(1759, 'Kilkenny', 105),
(1760, 'Laois', 105),
(1761, 'Leinster', 105),
(1762, 'Leitrim', 105),
(1763, 'Limerick', 105),
(1764, 'Loch Garman', 105),
(1765, 'Longford', 105),
(1766, 'Louth', 105),
(1767, 'Mayo', 105),
(1768, 'Meath', 105),
(1769, 'Monaghan', 105),
(1770, 'Offaly', 105),
(1771, 'Roscommon', 105),
(1772, 'Sligo', 105),
(1773, 'Tipperary North Riding', 105),
(1774, 'Tipperary South Riding', 105),
(1775, 'Ulster', 105),
(1776, 'Waterford', 105),
(1777, 'Westmeath', 105),
(1778, 'Wexford', 105),
(1779, 'Wicklow', 105),
(1780, 'Beit Hanania', 106),
(1781, 'Ben Gurion Airport', 106),
(1782, 'Bethlehem', 106),
(1783, 'Caesarea', 106),
(1784, 'Centre', 106),
(1785, 'Gaza', 106),
(1786, 'Hadaron', 106),
(1787, 'Haifa District', 106),
(1788, 'Hamerkaz', 106),
(1789, 'Hazafon', 106),
(1790, 'Hebron', 106),
(1791, 'Jaffa', 106),
(1792, 'Jerusalem', 106),
(1793, 'Khefa', 106),
(1794, 'Kiryat Yam', 106),
(1795, 'Lower Galilee', 106),
(1796, 'Qalqilya', 106),
(1797, 'Talme Elazar', 106),
(1798, 'Tel Aviv', 106),
(1799, 'Tsafon', 106),
(1800, 'Umm El Fahem', 106),
(1801, 'Yerushalayim', 106),
(1802, 'Abruzzi', 107),
(1803, 'Abruzzo', 107),
(1804, 'Agrigento', 107),
(1805, 'Alessandria', 107),
(1806, 'Ancona', 107),
(1807, 'Arezzo', 107),
(1808, 'Ascoli Piceno', 107),
(1809, 'Asti', 107),
(1810, 'Avellino', 107),
(1811, 'Bari', 107),
(1812, 'Basilicata', 107),
(1813, 'Belluno', 107),
(1814, 'Benevento', 107),
(1815, 'Bergamo', 107),
(1816, 'Biella', 107),
(1817, 'Bologna', 107),
(1818, 'Bolzano', 107),
(1819, 'Brescia', 107),
(1820, 'Brindisi', 107),
(1821, 'Calabria', 107),
(1822, 'Campania', 107),
(1823, 'Cartoceto', 107),
(1824, 'Caserta', 107),
(1825, 'Catania', 107),
(1826, 'Chieti', 107),
(1827, 'Como', 107),
(1828, 'Cosenza', 107),
(1829, 'Cremona', 107),
(1830, 'Cuneo', 107),
(1831, 'Emilia-Romagna', 107),
(1832, 'Ferrara', 107),
(1833, 'Firenze', 107),
(1834, 'Florence', 107),
(1835, 'Forli-Cesena ', 107),
(1836, 'Friuli-Venezia Giulia', 107),
(1837, 'Frosinone', 107),
(1838, 'Genoa', 107),
(1839, 'Gorizia', 107),
(1840, 'L\'Aquila', 107),
(1841, 'Lazio', 107),
(1842, 'Lecce', 107),
(1843, 'Lecco', 107),
(1845, 'Liguria', 107),
(1846, 'Lodi', 107),
(1847, 'Lombardia', 107),
(1848, 'Lombardy', 107),
(1849, 'Macerata', 107),
(1850, 'Mantova', 107),
(1851, 'Marche', 107),
(1852, 'Messina', 107),
(1853, 'Milan', 107),
(1854, 'Modena', 107),
(1855, 'Molise', 107),
(1856, 'Molteno', 107),
(1857, 'Montenegro', 107),
(1858, 'Monza and Brianza', 107),
(1859, 'Naples', 107),
(1860, 'Novara', 107),
(1861, 'Padova', 107),
(1862, 'Parma', 107),
(1863, 'Pavia', 107),
(1864, 'Perugia', 107),
(1865, 'Pesaro-Urbino', 107),
(1866, 'Piacenza', 107),
(1867, 'Piedmont', 107),
(1868, 'Piemonte', 107),
(1869, 'Pisa', 107),
(1870, 'Pordenone', 107),
(1871, 'Potenza', 107),
(1872, 'Puglia', 107),
(1873, 'Reggio Emilia', 107),
(1874, 'Rimini', 107),
(1875, 'Roma', 107),
(1876, 'Salerno', 107),
(1877, 'Sardegna', 107),
(1878, 'Sassari', 107),
(1879, 'Savona', 107),
(1880, 'Sicilia', 107),
(1881, 'Siena', 107),
(1882, 'Sondrio', 107),
(1883, 'South Tyrol', 107),
(1884, 'Taranto', 107),
(1885, 'Teramo', 107),
(1886, 'Torino', 107),
(1887, 'Toscana', 107),
(1888, 'Trapani', 107),
(1889, 'Trentino-Alto Adige', 107),
(1890, 'Trento', 107),
(1891, 'Treviso', 107),
(1892, 'Udine', 107),
(1893, 'Umbria', 107),
(1894, 'Valle d\'Aosta', 107),
(1895, 'Varese', 107),
(1896, 'Veneto', 107),
(1897, 'Venezia', 107),
(1898, 'Verbano-Cusio-Ossola', 107),
(1899, 'Vercelli', 107),
(1900, 'Verona', 107),
(1901, 'Vicenza', 107),
(1902, 'Viterbo', 107),
(1903, 'Buxoro Viloyati', 108),
(1904, 'Clarendon', 108),
(1905, 'Hanover', 108),
(1906, 'Kingston', 108),
(1907, 'Manchester', 108),
(1908, 'Portland', 108),
(1909, 'Saint Andrews', 108),
(1910, 'Saint Ann', 108),
(1911, 'Saint Catherine', 108),
(1912, 'Saint Elizabeth', 108),
(1913, 'Saint James', 108),
(1914, 'Saint Mary', 108),
(1915, 'Saint Thomas', 108),
(1916, 'Trelawney', 108),
(1917, 'Westmoreland', 108),
(1918, 'Aichi', 109),
(1919, 'Akita', 109),
(1920, 'Aomori', 109),
(1921, 'Chiba', 109),
(1922, 'Ehime', 109),
(1923, 'Fukui', 109),
(1924, 'Fukuoka', 109),
(1925, 'Fukushima', 109),
(1926, 'Gifu', 109),
(1927, 'Gumma', 109),
(1928, 'Hiroshima', 109),
(1929, 'Hokkaido', 109),
(1930, 'Hyogo', 109),
(1931, 'Ibaraki', 109),
(1932, 'Ishikawa', 109),
(1933, 'Iwate', 109),
(1934, 'Kagawa', 109),
(1935, 'Kagoshima', 109),
(1936, 'Kanagawa', 109),
(1937, 'Kanto', 109),
(1938, 'Kochi', 109),
(1939, 'Kumamoto', 109),
(1940, 'Kyoto', 109),
(1941, 'Mie', 109),
(1942, 'Miyagi', 109),
(1943, 'Miyazaki', 109),
(1944, 'Nagano', 109),
(1945, 'Nagasaki', 109),
(1946, 'Nara', 109),
(1947, 'Niigata', 109),
(1948, 'Oita', 109),
(1949, 'Okayama', 109),
(1950, 'Okinawa', 109),
(1951, 'Osaka', 109),
(1952, 'Saga', 109),
(1953, 'Saitama', 109),
(1954, 'Shiga', 109),
(1955, 'Shimane', 109),
(1956, 'Shizuoka', 109),
(1957, 'Tochigi', 109),
(1958, 'Tokushima', 109),
(1959, 'Tokyo', 109),
(1960, 'Tottori', 109),
(1961, 'Toyama', 109),
(1962, 'Wakayama', 109),
(1963, 'Yamagata', 109),
(1964, 'Yamaguchi', 109),
(1965, 'Yamanashi', 109),
(1966, 'Grouville', 110),
(1967, 'Saint Brelade', 110),
(1968, 'Saint Clement', 110),
(1969, 'Saint Helier', 110),
(1970, 'Saint John', 110),
(1971, 'Saint Lawrence', 110),
(1972, 'Saint Martin', 110),
(1973, 'Saint Mary', 110),
(1974, 'Saint Peter', 110),
(1975, 'Saint Saviour', 110),
(1976, 'Trinity', 110),
(1977, '\'Ajlun', 111),
(1978, 'Amman', 111),
(1979, 'Irbid', 111),
(1980, 'Jarash', 111),
(1981, 'Ma\'an', 111),
(1982, 'Madaba', 111),
(1983, 'al-\'Aqabah', 111),
(1984, 'al-Balqa\'', 111),
(1985, 'al-Karak', 111),
(1986, 'al-Mafraq', 111),
(1987, 'at-Tafilah', 111),
(1988, 'az-Zarqa\'', 111),
(1989, 'Akmecet', 112),
(1990, 'Akmola', 112),
(1991, 'Aktobe', 112),
(1992, 'Almati', 112),
(1993, 'Atirau', 112),
(1994, 'Batis Kazakstan', 112),
(1995, 'Burlinsky Region', 112),
(1996, 'Karagandi', 112),
(1997, 'Kostanay', 112),
(1998, 'Mankistau', 112),
(1999, 'Ontustik Kazakstan', 112),
(2000, 'Pavlodar', 112),
(2001, 'Sigis Kazakstan', 112),
(2002, 'Soltustik Kazakstan', 112),
(2003, 'Taraz', 112),
(2004, 'Central', 113),
(2005, 'Coast', 113),
(2006, 'Eastern', 113),
(2007, 'Nairobi', 113),
(2008, 'North Eastern', 113),
(2009, 'Nyanza', 113),
(2010, 'Rift Valley', 113),
(2011, 'Western', 113),
(2012, 'Abaiang', 114),
(2013, 'Abemana', 114),
(2014, 'Aranuka', 114),
(2015, 'Arorae', 114),
(2016, 'Banaba', 114),
(2017, 'Beru', 114),
(2018, 'Butaritari', 114),
(2019, 'Kiritimati', 114),
(2020, 'Kuria', 114),
(2021, 'Maiana', 114),
(2022, 'Makin', 114),
(2023, 'Marakei', 114),
(2024, 'Nikunau', 114),
(2025, 'Nonouti', 114),
(2026, 'Onotoa', 114),
(2027, 'Phoenix Islands', 114),
(2028, 'Tabiteuea North', 114),
(2029, 'Tabiteuea South', 114),
(2030, 'Tabuaeran', 114),
(2031, 'Tamana', 114),
(2032, 'Tarawa North', 114),
(2033, 'Tarawa South', 114),
(2034, 'Teraina', 114),
(2035, 'Chagangdo', 115),
(2036, 'Hamgyeongbukto', 115),
(2037, 'Hamgyeongnamdo', 115),
(2038, 'Hwanghaebukto', 115),
(2039, 'Hwanghaenamdo', 115),
(2040, 'Kaeseong', 115),
(2041, 'Kangweon', 115),
(2042, 'Nampo', 115),
(2043, 'Pyeonganbukto', 115),
(2044, 'Pyeongannamdo', 115),
(2045, 'Pyeongyang', 115),
(2046, 'Yanggang', 115),
(2047, 'Busan', 116),
(2048, 'Cheju', 116),
(2049, 'Chollabuk', 116),
(2050, 'Chollanam', 116),
(2051, 'Chungbuk', 116),
(2052, 'Chungcheongbuk', 116),
(2053, 'Chungcheongnam', 116),
(2054, 'Chungnam', 116),
(2055, 'Daegu', 116),
(2056, 'Gangwon-do', 116),
(2057, 'Goyang-si', 116),
(2058, 'Gyeonggi-do', 116),
(2059, 'Gyeongsang ', 116),
(2060, 'Gyeongsangnam-do', 116),
(2061, 'Incheon', 116),
(2062, 'Jeju-Si', 116),
(2063, 'Jeonbuk', 116),
(2064, 'Kangweon', 116),
(2065, 'Kwangju', 116),
(2066, 'Kyeonggi', 116),
(2067, 'Kyeongsangbuk', 116),
(2068, 'Kyeongsangnam', 116),
(2069, 'Kyonggi-do', 116),
(2070, 'Kyungbuk-Do', 116),
(2071, 'Kyunggi-Do', 116),
(2072, 'Kyunggi-do', 116),
(2073, 'Pusan', 116),
(2074, 'Seoul', 116),
(2075, 'Sudogwon', 116),
(2076, 'Taegu', 116),
(2077, 'Taejeon', 116),
(2078, 'Taejon-gwangyoksi', 116),
(2079, 'Ulsan', 116),
(2080, 'Wonju', 116),
(2081, 'gwangyoksi', 116),
(2082, 'Al Asimah', 117),
(2083, 'Hawalli', 117),
(2084, 'Mishref', 117),
(2085, 'Qadesiya', 117),
(2086, 'Safat', 117),
(2087, 'Salmiya', 117),
(2088, 'al-Ahmadi', 117),
(2089, 'al-Farwaniyah', 117),
(2090, 'al-Jahra', 117),
(2091, 'al-Kuwayt', 117),
(2092, 'Batken', 118),
(2093, 'Bishkek', 118),
(2094, 'Chui', 118),
(2095, 'Issyk-Kul', 118),
(2096, 'Jalal-Abad', 118),
(2097, 'Naryn', 118),
(2098, 'Osh', 118),
(2099, 'Talas', 118),
(2100, 'Attopu', 119),
(2101, 'Bokeo', 119),
(2102, 'Bolikhamsay', 119),
(2103, 'Champasak', 119),
(2104, 'Houaphanh', 119),
(2105, 'Khammouane', 119),
(2106, 'Luang Nam Tha', 119),
(2107, 'Luang Prabang', 119),
(2108, 'Oudomxay', 119),
(2109, 'Phongsaly', 119),
(2110, 'Saravan', 119),
(2111, 'Savannakhet', 119),
(2112, 'Sekong', 119),
(2113, 'Viangchan Prefecture', 119),
(2114, 'Viangchan Province', 119),
(2115, 'Xaignabury', 119),
(2116, 'Xiang Khuang', 119),
(2117, 'Aizkraukles', 120),
(2118, 'Aluksnes', 120),
(2119, 'Balvu', 120),
(2120, 'Bauskas', 120),
(2121, 'Cesu', 120),
(2122, 'Daugavpils', 120),
(2123, 'Daugavpils City', 120),
(2124, 'Dobeles', 120),
(2125, 'Gulbenes', 120),
(2126, 'Jekabspils', 120),
(2127, 'Jelgava', 120),
(2128, 'Jelgavas', 120),
(2129, 'Jurmala City', 120),
(2130, 'Kraslavas', 120),
(2131, 'Kuldigas', 120),
(2132, 'Liepaja', 120),
(2133, 'Liepajas', 120),
(2134, 'Limbazhu', 120),
(2135, 'Ludzas', 120),
(2136, 'Madonas', 120),
(2137, 'Ogres', 120),
(2138, 'Preilu', 120),
(2139, 'Rezekne', 120),
(2140, 'Rezeknes', 120),
(2141, 'Riga', 120),
(2142, 'Rigas', 120),
(2143, 'Saldus', 120),
(2144, 'Talsu', 120),
(2145, 'Tukuma', 120),
(2146, 'Valkas', 120),
(2147, 'Valmieras', 120),
(2148, 'Ventspils', 120),
(2149, 'Ventspils City', 120),
(2150, 'Beirut', 121),
(2151, 'Jabal Lubnan', 121),
(2152, 'Mohafazat Liban-Nord', 121),
(2153, 'Mohafazat Mont-Liban', 121),
(2154, 'Sidon', 121),
(2155, 'al-Biqa', 121),
(2156, 'al-Janub', 121),
(2157, 'an-Nabatiyah', 121),
(2158, 'ash-Shamal', 121),
(2159, 'Berea', 122),
(2160, 'Butha-Buthe', 122),
(2161, 'Leribe', 122),
(2162, 'Mafeteng', 122),
(2163, 'Maseru', 122),
(2164, 'Mohale\'s Hoek', 122),
(2165, 'Mokhotlong', 122),
(2166, 'Qacha\'s Nek', 122),
(2167, 'Quthing', 122),
(2168, 'Thaba-Tseka', 122),
(2169, 'Bomi', 123),
(2170, 'Bong', 123),
(2171, 'Grand Bassa', 123),
(2172, 'Grand Cape Mount', 123),
(2173, 'Grand Gedeh', 123),
(2174, 'Loffa', 123),
(2175, 'Margibi', 123),
(2176, 'Maryland and Grand Kru', 123),
(2177, 'Montserrado', 123),
(2178, 'Nimba', 123),
(2179, 'Rivercess', 123),
(2180, 'Sinoe', 123),
(2181, 'Ajdabiya', 124);

-- --------------------------------------------------------

--
-- Table structure for table `countries`
--

CREATE TABLE `countries` (
  `id` int(11) NOT NULL,
  `title` varchar(255) DEFAULT NULL
) ENGINE=InnoDB DEFAULT CHARSET=utf8;

--
-- Dumping data for table `countries`
--

INSERT INTO `countries` (`id`, `title`) VALUES
(1, 'Afghanistan'),
(2, 'Albania'),
(3, 'Algeria'),
(4, 'American Samoa'),
(5, 'Andorra'),
(6, 'Angola'),
(7, 'Anguilla'),
(8, 'Antarctica'),
(9, 'Antigua And Barbuda'),
(10, 'Argentina'),
(11, 'Armenia'),
(12, 'Aruba'),
(13, 'Australia'),
(14, 'Austria'),
(15, 'Azerbaijan'),
(16, 'Bahamas The'),
(17, 'Bahrain'),
(18, 'Bangladesh'),
(19, 'Barbados'),
(20, 'Belarus'),
(21, 'Belgium'),
(22, 'Belize'),
(23, 'Benin'),
(24, 'Bermuda'),
(25, 'Bhutan'),
(26, 'Bolivia'),
(27, 'Bosnia and Herzegovina'),
(28, 'Botswana'),
(29, 'Bouvet Island'),
(30, 'Brazil'),
(31, 'British Indian Ocean Territory'),
(32, 'Brunei'),
(33, 'Bulgaria'),
(34, 'Burkina Faso'),
(35, 'Burundi'),
(36, 'Cambodia'),
(37, 'Cameroon'),
(38, 'Canada'),
(39, 'Cape Verde'),
(40, 'Cayman Islands'),
(41, 'Central African Republic'),
(42, 'Chad'),
(43, 'Chile'),
(44, 'China'),
(45, 'Christmas Island'),
(46, 'Cocos (Keeling) Islands'),
(47, 'Colombia'),
(48, 'Comoros'),
(49, 'Republic Of The Congo'),
(50, 'Democratic Republic Of The Congo'),
(51, 'Cook Islands'),
(52, 'Costa Rica'),
(53, 'Cote D\'Ivoire (Ivory Coast)'),
(54, 'Croatia (Hrvatska)'),
(55, 'Cuba'),
(56, 'Cyprus'),
(57, 'Czech Republic'),
(58, 'Denmark'),
(59, 'Djibouti'),
(60, 'Dominica'),
(61, 'Dominican Republic'),
(62, 'East Timor'),
(63, 'Ecuador'),
(64, 'Egypt'),
(65, 'El Salvador'),
(66, 'Equatorial Guinea'),
(67, 'Eritrea'),
(68, 'Estonia'),
(69, 'Ethiopia'),
(70, 'External Territories of Australia'),
(71, 'Falkland Islands'),
(72, 'Faroe Islands'),
(73, 'Fiji Islands'),
(74, 'Finland'),
(75, 'France'),
(76, 'French Guiana'),
(77, 'French Polynesia'),
(78, 'French Southern Territories'),
(79, 'Gabon'),
(80, 'Gambia The'),
(81, 'Georgia'),
(82, 'Germany'),
(83, 'Ghana'),
(84, 'Gibraltar'),
(85, 'Greece'),
(86, 'Greenland'),
(87, 'Grenada'),
(88, 'Guadeloupe'),
(89, 'Guam'),
(90, 'Guatemala'),
(91, 'Guernsey and Alderney'),
(92, 'Guinea'),
(93, 'Guinea-Bissau'),
(94, 'Guyana'),
(95, 'Haiti'),
(96, 'Heard and McDonald Islands'),
(97, 'Honduras'),
(98, 'Hong Kong S.A.R.'),
(99, 'Hungary'),
(100, 'Iceland'),
(101, 'India'),
(102, 'Indonesia'),
(103, 'Iran'),
(104, 'Iraq'),
(105, 'Ireland'),
(106, 'Israel'),
(107, 'Italy'),
(108, 'Jamaica'),
(109, 'Japan'),
(110, 'Jersey'),
(111, 'Jordan'),
(112, 'Kazakhstan'),
(113, 'Kenya'),
(114, 'Kiribati'),
(115, 'Korea North'),
(116, 'Korea South'),
(117, 'Kuwait'),
(118, 'Kyrgyzstan'),
(119, 'Laos'),
(120, 'Latvia'),
(121, 'Lebanon'),
(122, 'Lesotho'),
(123, 'Liberia'),
(124, 'Libya'),
(125, 'Liechtenstein'),
(126, 'Lithuania'),
(127, 'Luxembourg'),
(128, 'Macau S.A.R.'),
(129, 'Macedonia'),
(130, 'Madagascar'),
(131, 'Malawi'),
(132, 'Malaysia'),
(133, 'Maldives'),
(134, 'Mali'),
(135, 'Malta'),
(136, 'Man (Isle of)'),
(137, 'Marshall Islands'),
(138, 'Martinique'),
(139, 'Mauritania'),
(140, 'Mauritius'),
(141, 'Mayotte'),
(142, 'Mexico'),
(143, 'Micronesia'),
(144, 'Moldova'),
(145, 'Monaco'),
(146, 'Mongolia'),
(147, 'Montserrat'),
(148, 'Morocco'),
(149, 'Mozambique'),
(150, 'Myanmar'),
(151, 'Namibia'),
(152, 'Nauru'),
(153, 'Nepal'),
(154, 'Netherlands Antilles'),
(155, 'Netherlands The'),
(156, 'New Caledonia'),
(157, 'New Zealand'),
(158, 'Nicaragua'),
(159, 'Niger'),
(160, 'Nigeria'),
(161, 'Niue'),
(162, 'Norfolk Island'),
(163, 'Northern Mariana Islands'),
(164, 'Norway'),
(165, 'Oman'),
(166, 'Pakistan'),
(167, 'Palau'),
(168, 'Palestinian Territory Occupied'),
(169, 'Panama'),
(170, 'Papua new Guinea'),
(171, 'Paraguay'),
(172, 'Peru'),
(173, 'Philippines'),
(174, 'Pitcairn Island'),
(175, 'Poland'),
(176, 'Portugal'),
(177, 'Puerto Rico'),
(178, 'Qatar'),
(179, 'Reunion'),
(180, 'Romania'),
(181, 'Russia'),
(182, 'Rwanda'),
(183, 'Saint Helena'),
(184, 'Saint Kitts And Nevis'),
(185, 'Saint Lucia'),
(186, 'Saint Pierre and Miquelon'),
(187, 'Saint Vincent And The Grenadines'),
(188, 'Samoa'),
(189, 'San Marino'),
(190, 'Sao Tome and Principe'),
(191, 'Saudi Arabia'),
(192, 'Senegal'),
(193, 'Serbia'),
(194, 'Seychelles'),
(195, 'Sierra Leone'),
(196, 'Singapore'),
(197, 'Slovakia'),
(198, 'Slovenia'),
(199, 'Smaller Territories of the UK'),
(200, 'Solomon Islands'),
(201, 'Somalia'),
(202, 'South Africa'),
(203, 'South Georgia'),
(204, 'South Sudan'),
(205, 'Spain'),
(206, 'Sri Lanka'),
(207, 'Sudan'),
(208, 'Suriname'),
(209, 'Svalbard And Jan Mayen Islands'),
(210, 'Swaziland'),
(211, 'Sweden'),
(212, 'Switzerland'),
(213, 'Syria'),
(214, 'Taiwan'),
(215, 'Tajikistan'),
(216, 'Tanzania'),
(217, 'Thailand'),
(218, 'Togo'),
(219, 'Tokelau'),
(220, 'Tonga'),
(221, 'Trinidad And Tobago'),
(222, 'Tunisia'),
(223, 'Turkey'),
(224, 'Turkmenistan'),
(225, 'Turks And Caicos Islands'),
(226, 'Tuvalu'),
(227, 'Uganda'),
(228, 'Ukraine'),
(229, 'United Arab Emirates'),
(230, 'United Kingdom'),
(231, 'United States'),
(232, 'United States Minor Outlying Islands'),
(233, 'Uruguay'),
(234, 'Uzbekistan'),
(235, 'Vanuatu'),
(236, 'Vatican City State (Holy See)'),
(237, 'Venezuela'),
(238, 'Vietnam'),
(239, 'Virgin Islands (British)'),
(240, 'Virgin Islands (US)'),
(241, 'Wallis And Futuna Islands'),
(242, 'Western Sahara'),
(243, 'Yemen'),
(244, 'Yugoslavia'),
(245, 'Zambia'),
(246, 'Zimbabwe');

-- --------------------------------------------------------

--
-- Table structure for table `failed_jobs`
--

CREATE TABLE `failed_jobs` (
  `id` bigint(20) UNSIGNED NOT NULL,
  `uuid` varchar(255) COLLATE utf8mb4_unicode_ci NOT NULL,
  `connection` text COLLATE utf8mb4_unicode_ci NOT NULL,
  `queue` text COLLATE utf8mb4_unicode_ci NOT NULL,
  `payload` longtext COLLATE utf8mb4_unicode_ci NOT NULL,
  `exception` longtext COLLATE utf8mb4_unicode_ci NOT NULL,
  `failed_at` timestamp NOT NULL DEFAULT CURRENT_TIMESTAMP
) ENGINE=InnoDB DEFAULT CHARSET=utf8mb4 COLLATE=utf8mb4_unicode_ci;

-- --------------------------------------------------------

--
-- Table structure for table `images`
--

CREATE TABLE `images` (
  `id` int(10) UNSIGNED NOT NULL,
  `filename` varchar(12) COLLATE utf8_unicode_ci NOT NULL,
  `ext` varchar(5) COLLATE utf8_unicode_ci NOT NULL,
  `size` int(11) NOT NULL,
  `temp` int(11) NOT NULL DEFAULT '0',
  `ordering` int(11) DEFAULT '0',
  `parent_id` int(11) DEFAULT NULL,
  `title` varchar(255) CHARACTER SET utf8 DEFAULT NULL,
  `created_at` timestamp NULL DEFAULT NULL,
  `updated_at` timestamp NULL DEFAULT NULL,
  `params` varchar(255) COLLATE utf8_unicode_ci DEFAULT NULL
) ENGINE=InnoDB DEFAULT CHARSET=utf8 COLLATE=utf8_unicode_ci;

--
-- Dumping data for table `images`
--

INSERT INTO `images` (`id`, `filename`, `ext`, `size`, `temp`, `ordering`, `parent_id`, `title`, `created_at`, `updated_at`, `params`) VALUES
(29, 'd021e9efe754', 'jpg', 23946, 0, 0, NULL, NULL, '2021-04-06 06:51:45', '2021-04-06 06:51:45', NULL),
(33, 'cb061ef7d9b9', 'png', 193759, 0, 0, NULL, NULL, '2021-04-07 10:50:32', '2021-04-07 10:50:32', NULL);

-- --------------------------------------------------------

--
-- Table structure for table `languages`
--

CREATE TABLE `languages` (
  `id` int(11) NOT NULL,
  `title` varchar(255) DEFAULT NULL
) ENGINE=InnoDB DEFAULT CHARSET=utf8;

--
-- Dumping data for table `languages`
--

INSERT INTO `languages` (`id`, `title`) VALUES
(1, 'English'),
(2, 'Spanish'),
(3, 'French'),
(4, 'German'),
(5, 'Italian'),
(6, 'Japanese'),
(7, 'Korean'),
(8, 'Mandarin'),
(9, 'Cantonese (Hong Kong)'),
(10, 'Arabic'),
(11, 'Czech'),
(12, 'Danish'),
(13, 'Dutch'),
(14, 'Finnish'),
(15, 'Flemish (Belgium)'),
(16, 'Greek'),
(17, 'Hebrew'),
(18, 'Hindi'),
(19, 'Hungarian'),
(20, 'Indonesian'),
(21, 'Norwegian'),
(22, 'Polish'),
(23, 'Portuguese  (Brazil)'),
(24, 'Romanian'),
(25, 'Russian'),
(26, 'Slovak'),
(27, 'Swedish'),
(28, 'Thai'),
(29, 'Turkish');

-- --------------------------------------------------------

--
-- Table structure for table `migrations`
--

CREATE TABLE `migrations` (
  `id` int(10) UNSIGNED NOT NULL,
  `migration` varchar(255) COLLATE utf8mb4_unicode_ci NOT NULL,
  `batch` int(11) NOT NULL
) ENGINE=InnoDB DEFAULT CHARSET=utf8mb4 COLLATE=utf8mb4_unicode_ci;

--
-- Dumping data for table `migrations`
--

INSERT INTO `migrations` (`id`, `migration`, `batch`) VALUES
(1, '2014_10_12_000000_create_users_table', 1),
(2, '2014_10_12_100000_create_password_resets_table', 1),
(3, '2019_08_19_000000_create_failed_jobs_table', 1),
(4, '2013_11_26_161501_create_currency_table', 2);

-- --------------------------------------------------------

--
-- Table structure for table `password_resets`
--

CREATE TABLE `password_resets` (
  `email` varchar(255) COLLATE utf8mb4_unicode_ci NOT NULL,
  `token` varchar(255) COLLATE utf8mb4_unicode_ci NOT NULL,
  `created_at` timestamp NULL DEFAULT NULL
) ENGINE=InnoDB DEFAULT CHARSET=utf8mb4 COLLATE=utf8mb4_unicode_ci;

--
-- Dumping data for table `password_resets`
--

INSERT INTO `password_resets` (`email`, `token`, `created_at`) VALUES
('fdgdhg@mail.ru', '2D8kIewXCZz4hBehNWFg1YMqfOqtqJHnh11WWXezLdETFy7yyLjJ1J77tkGlBZxR', '2021-06-16 02:36:16'),
('sdsjkdj@mail.ru', 'd7xTDLwHPHycxvNPgaoWWpsGVdjkEoz01fi5ZcZ0J2Hzznajba6GJnMi0JAMs9nB', '2021-06-16 02:37:07'),
('dfsfsdfd@mail.ru', 'xIAMF55Aoa3OKVvYY22sO4Z3kZvq661nHzQvhxzk9ZtBYHZDoLTTaRO7riXTX3W6', '2021-06-16 02:41:53'),
('fdgdhgsdsd@mail.ru', 'afiirZMtdx6NCdDFXGTg2C32wuUMLkkWYSHofOaSpcGcovcKGX6iqhKnexVT04Sa', '2021-06-16 02:45:15'),
('fdgdhgsdsd@mail.ru', 'UB8asE9Frvvx1aX9ZK2S24Jm300TY7PxmeRPMqwYPc3s52eehLWJcqaHAWkyrf3O', '2021-06-16 02:45:17'),
('fdgdhgsdsd@mail.ru', 'maRTLwhpGgLu4W8DINIQGotbE4sjRQlMevksT1K3pb84eAHnVZ5wtiyMC6sKDCUF', '2021-06-16 02:45:18'),
('fdgdhg@mail.ru', 'htBLKXZXEOOJXBESU6308lrNoRQwQPlVvmTHiAejIXGSfILEkh9b4oKoXEC4XtEG', '2021-06-16 02:46:14'),
('fdgdhg@mail.ru', '3YGVTer74UpvlBWOQtFtRm6qMjkJweB4cGZBoRay9WfWxYCfxxyD4U9KtkjYpuoR', '2021-06-16 02:48:02'),
('fdgdhg@mail.ru', 'x6o1xIhwRmTHT4F2oRxz0HBXgTycBvp5Gmn9jxKaYJR8ogZldx1pBzwZRXNJwYms', '2021-06-16 02:50:22'),
('fdgdhg@mail.ru', 'yhZTe6qavXhZHTxJ5c7yD0NF0HDVIMh34ll9aL7RfccTzVln1SnZPLH15RznNJ2C', '2021-06-16 02:50:34'),
('fdgdhg@mail.ru', 'qHSwaLTyOmG9aE2a4IfYOzQcbFJj021i7qA14PpfQrVkSaPKS1iMp65zSZNvAHsB', '2021-06-16 02:52:31'),
('fdgdhg@mail.ru', 'ZhBR62KpUC9vdH57hdOigXarohTk0db42htkKifGJ6MrN7edtUMT1SiSUspFoCtK', '2021-06-16 02:53:19'),
('fdgdhg@mail.ru', '1pG7fnQ528iEmDMOGojdeOuJKUb7OfYwiXxGL7Cxicj5ba0kdLcINgd6yzzT5MTW', '2021-06-16 02:57:48'),
('fdgdhg@mail.ru', 'OmvjeTZtAUvQNBklGzi4E3viCmawDpLEEGwGDpy30gfVcyjo2aC1UIyhk5GFPzUi', '2021-06-16 02:58:46'),
('fdgdhg@mail.ru', 'OsobKtPiNgeLbxlM8BskKEpGY7YlpQFubBEsvuJp1pMIwxUSiZ30ZzmsXxPioPOE', '2021-06-16 03:20:26'),
('fdgdhg@mail.ru', 'd8rSd8CyQYXMduom6aQLq6v27cE3CjMnkwBM24CkTQqTBMGzkCkSiBO9LwbbTbJc', '2021-06-16 03:21:08'),
('fdgdhg@mail.ru', 'Uok3O2XGuaT3ivb88qBRVsHcbwkGN5Zy04ZHstKPdNEP0Z0DRD6AQjMcau8OU6Lj', '2021-06-16 03:22:44'),
('fdgdhg@mail.ru', 'Ro0rLRx594SR3KTz7kSvTiBSCkqbvws9SLVVlHBksgUBIhslBgPe9nzOr4bJliJ5', '2021-06-16 03:25:25'),
('fdgdsdfsdfhg@mail.ru', 'nORdTS6G0YUz02hZaYfZ2zBOI1DTPBSOcJrNdKRAATLo5jz3WjGhifVNond7vTP8', '2021-06-16 03:25:31'),
('sdfdsfdsf@kjksad.ru', 'VEGpwu3B51qqQ7qehCC2odsftzQUCqD954GgkmvN6PThR5En8cYLPLqlFQrwyxnn', '2021-06-16 03:25:39'),
('erhgeriughiuerhgiurtgui@kjdfjkdfhgjkdf.ru', 'OrPfkvrFm2RsVDIJ2v5yGjqo7e7PD1TGSjnZJ9Nl2zuT5W6IH1k5CSjtKjPHNTJ4', '2021-06-16 03:28:44'),
('fdgdhg@mail.ru', 'ergWYvIzHjFrrlKC92YiranJVm6Wi429j1Xzqj3RUMeNJhXYC8Vspfwzg41SAnvI', '2021-06-16 03:36:21'),
('fdgdhg@mail.ru', 'mmIx21YniJHt8MwelToUCQMsc9IOlJsC0Nj3oaorwrcrTsXDielE81DfnbAnpBC9', '2021-06-16 03:37:28'),
('fdgdhg@mail.ru', 'BBTfDy6FOnxkNSU2VYjzQak02TwV17sbcyfyqMS1husb5neJAuto4Lq3dmcCVsKx', '2021-06-16 03:39:22'),
('fdgdhg@mail.ru', 'Pejw74k8MuvxGahcWgV5F2dwZldZWyYXPh43gIylgNjP97fumGCPFAd06vtwVO23', '2021-06-16 03:42:09'),
('fdgdhg@mail.ru', 'T0QxEhAO8r52VbmK2mJCbTVY8x5gAg3yE7tmYQ2kjvzqazf577blsF809FPRXCF2', '2021-06-16 03:42:47'),
('fdgdhg@mail.ru', 'i3iIqops1irmsDWNHw3n7sD5EcjkUEGDDhvi8Strg6oefJcQ8DwAzQ1f9IbiJz9U', '2021-06-16 03:44:40'),
('fdgdhg@mail.ru', 'JopEewHi5nqvRqKM2KJhDX6Co19GM1y0Hn1pzgD1Ue8oLpTrt1AriMMqFPj6YZAk', '2021-06-16 03:44:42'),
('fdgdhg@mail.ru', 'o5qvK1a1aSVkPCRWlFcHcd7RnOaM608qhnZZBGpdZ3i2c2XVHhmhTkaPM35RNcXh', '2021-06-16 03:44:43'),
('test@gmail.com', '$2y$10$58Cq7DCltZ/XDLfAS26smOgYevcAF/cf1.omyCywL06f7tc/JW.Hm', '2021-06-17 04:59:56'),
('aramghazaryansoft@gmail.com', '$2y$10$03Z1GFeVEdT/5GSHBR8YJ.WfL5IXvzAxVaBsP/GNAzlepWzGbPZL.', '2021-06-17 10:04:56'),
('a480011@mail.ru', '2E8ifNtHvEX80HFlU7HDFi2rIeWQ6SqW7QU31G8JQ3LYKZNjDuQpH6pp9B1eVUnK', '2021-06-18 02:14:15'),
('a480011@mail.ru', 'RVLTVInkQhM6MZluo9sluesonUK2fw5r4I1q4nXIjjTch7VEAZPy1qbKRBuw4B0i', '2021-06-18 02:14:28'),
('a480011@mail.ru', 'dlQR6S01C45UAd3Pf5Op4tQtCqOscYlHkWDKyz9Mf9jqXHyqoAJs5xw6Ni9Yw0hO', '2021-06-22 09:26:05'),
('a480011@mail.ru', 'EukmrJAdZ75ncGViii71U1UWRNdHp7UMIW9Q45xFEiY83SvxV5vyAGw1EQPWzQIm', '2021-06-22 09:27:00'),
('a480011@mail.ru', 'KdfmzC74uV69V0H1XMS5yi7oYdLjsgj1AXW1EZ59ssoej7fnTSn6vr0ND2vym0OV', '2021-06-23 10:53:49'),
('a480011@mail.ru', 'PL2CRfGvlRsusVu56PYe2LjtcL3jWyQfaurUBJSoBWSjeGo3KQuAjFXXXMMRCOEg', '2021-06-23 10:55:34'),
('a480011@mail.ru', 'bQ2U33KiWUnQTQTa98K7jnOlClwc42t1cPiXBjOnTW8H7EDqhH3rYLrP1rXQyn7m', '2021-06-23 10:57:42'),
('a480011@mail.ru', 'x4PjZiBEg9RmhrmqjQ7E3YJTqWSsteFU6HtTse9kZG2jvIVfwVSUHYvpgPv7hvQy', '2021-06-23 10:58:17');

-- --------------------------------------------------------

--
-- Table structure for table `practice`
--

CREATE TABLE `practice` (
  `id` int(11) NOT NULL,
  `title` varchar(255) DEFAULT NULL,
  `published` tinyint(4) DEFAULT '1'
) ENGINE=InnoDB DEFAULT CHARSET=utf8;

--
-- Dumping data for table `practice`
--

INSERT INTO `practice` (`id`, `title`, `published`) VALUES
(1, 'Holistic Doctor', 1),
(2, 'Nurse', 1),
(3, 'Psychologists', 1),
(4, 'Chinese Medicine', 1),
(5, 'Acupuncture', 1),
(6, 'Physical therapy', 1),
(7, 'Osteopathy', 1),
(8, 'Traditional Chinese medicine', 1),
(9, 'Naturopathic doctor', 1),
(10, 'Nutirtionist', 1),
(11, 'Holistic Nutritionist', 1),
(12, 'Hypnotherapy', 1),
(13, 'Homeopathy', 1),
(14, 'Biofeedback', 1),
(15, 'Somatic experiencing', 1),
(16, 'Integrative medicine', 1),
(17, 'Midwifery', 1),
(18, 'Career Coaching', 1),
(19, 'Life Coaching', 1),
(20, 'Yoga', 1),
(21, 'Aromatherapy', 1),
(22, 'Herbalists', 1),
(23, 'Anesthesiology', 1),
(24, 'Allergy and immunology', 1),
(25, 'aaa', 1);

-- --------------------------------------------------------

--
-- Table structure for table `practitioner`
--

CREATE TABLE `practitioner` (
  `id` int(11) NOT NULL,
  `first_name` varchar(30) DEFAULT NULL,
  `last_name` varchar(30) DEFAULT NULL,
  `email` varchar(50) DEFAULT NULL,
  `phone_number` varchar(30) DEFAULT NULL,
  `password` varchar(255) DEFAULT NULL,
  `remember_token` varchar(100) DEFAULT NULL,
  `country_id` int(11) DEFAULT NULL,
  `city_id` int(11) DEFAULT NULL,
  `address` varchar(255) DEFAULT '',
  `time_zone` varchar(250) DEFAULT '',
  `practice_id` int(255) DEFAULT NULL,
  `speciality_id` int(11) DEFAULT NULL,
  `price_selection` enum('hourly','packages') DEFAULT 'hourly',
  `mode_of_delivery` enum('virtual','in_persion') DEFAULT 'virtual',
  `id_or_passport` varchar(100) DEFAULT NULL,
  `certifications_licensing` varchar(100) DEFAULT NULL,
  `additional_document` varchar(100) DEFAULT NULL,
  `created_at` timestamp NULL DEFAULT NULL ON UPDATE CURRENT_TIMESTAMP,
  `updated_at` timestamp NULL DEFAULT NULL ON UPDATE CURRENT_TIMESTAMP,
  `status` enum('pending','accept','reject','disable') DEFAULT 'pending',
  `gender` enum('Male','Famale','Other') DEFAULT NULL,
  `rate` int(11) DEFAULT NULL,
  `description` text,
  `services` longtext,
  `img` varchar(250) DEFAULT NULL
) ENGINE=InnoDB DEFAULT CHARSET=utf8;

--
-- Dumping data for table `practitioner`
--

INSERT INTO `practitioner` (`id`, `first_name`, `last_name`, `email`, `phone_number`, `password`, `remember_token`, `country_id`, `city_id`, `address`, `time_zone`, `practice_id`, `speciality_id`, `price_selection`, `mode_of_delivery`, `id_or_passport`, `certifications_licensing`, `additional_document`, `created_at`, `updated_at`, `status`, `gender`, `rate`, `description`, `services`, `img`) VALUES
(1, 'Jon1', 'Smiti', 'a480011@mail.ru', '7754545411', '$2y$10$845TwYwoxfw3OefhzKRymO5EN.qe6T4zOqko9FaJl80Yjv8YNOG9a', '5DO96LOJSPnpy78msHxJNYa2dXddAmHgPyTu3qDC', 1, 2, 'asdasd', '+4', 10, 4, 'hourly', 'virtual', NULL, NULL, NULL, '2021-06-25 15:25:42', '2021-06-25 11:25:42', 'accept', 'Male', NULL, 'Lorem Ipsum is simply dummy text of the printing and typesetting industry. Lorem Ipsum has been the industry\'s standard dummy text ever since the 1500s, when an unknown printer took a galley of type and scrambled it to make a type specimen book. It has survived not only five centuries, but also the leap into electronic typesetting, remaining essentially unchanged. It was popularised in the 1960s with the release of Letraset sheets containing Lorem Ipsum passages, and more recently with desktop publishing software like Aldus PageMaker including versions of Lorem Ipsum.', 'a:3:{i:0;a:4:{s:5:\"title\";s:14:\"Services title\";s:5:\"price\";s:4:\"2100\";s:6:\"points\";a:5:{i:0;s:25:\"lorem ipsum dolar si amun\";i:1;s:25:\"lorem ipsum dolar si amun\";i:2;s:25:\"lorem ipsum dolar si amun\";i:3;s:25:\"lorem ipsum dolar si amun\";i:4;s:25:\"lorem ipsum dolar si amun\";}s:7:\"session\";a:2:{i:0;s:14:\"60 min consult\";i:1;s:19:\"30 minute follow up\";}}i:1;a:4:{s:5:\"title\";s:16:\"Services title 1\";s:5:\"price\";s:4:\"2100\";s:6:\"points\";a:4:{i:0;s:25:\"lorem ipsum dolar si amun\";i:1;s:25:\"lorem ipsum dolar si amun\";i:2;s:25:\"lorem ipsum dolar si amun\";i:3;s:25:\"lorem ipsum dolar si amun\";}s:7:\"session\";a:2:{i:0;s:14:\"60 min consult\";i:1;s:19:\"30 minute follow up\";}}i:2;a:4:{s:5:\"title\";s:15:\"Services testtt\";s:5:\"price\";s:4:\"2100\";s:6:\"points\";a:6:{i:0;s:25:\"lorem ipsum dolar si amun\";i:1;s:25:\"lorem ipsum dolar si amun\";i:2;s:25:\"lorem ipsum dolar si amun\";i:3;s:25:\"lorem ipsum dolar si amun\";i:4;s:25:\"lorem ipsum dolar si amun\";i:5;s:25:\"lorem ipsum dolar si amun\";}s:7:\"session\";a:2:{i:0;s:14:\"60 min consult\";i:1;s:19:\"30 minute follow up\";}}}', NULL),
(2, 'Jon2', 'Smith', 'jon1.smith@gmail.com', '7754545411', '', '', 1, 3, 'asdasd', '+4', 10, 4, 'hourly', 'virtual', NULL, NULL, NULL, '2021-06-18 15:12:35', '2021-06-18 15:12:35', 'pending', 'Male', NULL, NULL, '', NULL),
(3, 'Jon3', 'Smith', 'jon.smith@gmail.com', '7754545411', NULL, NULL, 1, 1, 'asdasd', '+4', 8, 4, 'hourly', 'virtual', NULL, NULL, NULL, '2021-03-26 06:54:38', '2021-03-26 06:54:38', 'pending', NULL, NULL, NULL, '', NULL),
(4, 'Jon4', 'Smith', 'jon.smith@gmail.com', '7754545411', NULL, NULL, 1, 1, 'asdasd', '+4', 10, 4, 'hourly', 'virtual', NULL, NULL, NULL, '2021-06-18 15:12:38', '2021-06-18 15:12:38', 'pending', 'Male', NULL, NULL, '', NULL),
(5, 'Jon5', 'Smith', 'jon.smith@gmail.com', '7754545411', NULL, NULL, 1, 1, 'asdasd', '+4', 10, 4, 'hourly', 'virtual', NULL, NULL, NULL, '2021-03-26 06:29:33', '2021-03-26 06:29:33', 'pending', NULL, NULL, NULL, '', NULL),
(6, 'Jon6', 'Smith', 'jon.smith@gmail.com', '7754545411', NULL, NULL, 1, 1, 'asdasd', '+4', 10, 1, 'hourly', 'virtual', NULL, NULL, NULL, '2021-03-26 06:54:48', '2021-03-26 06:54:48', 'pending', NULL, NULL, NULL, '', NULL),
(7, 'Jon7', 'Smith', 'smith@gmail.com', '7754545411', NULL, NULL, 1, 1, 'asdasd', '+4', 10, 4, 'hourly', 'virtual', NULL, NULL, NULL, '2021-06-18 05:10:05', '2021-06-18 05:10:05', 'pending', 'Famale', NULL, NULL, '', NULL),
(8, 'Jon8', 'Smith', 'jon.smith@gmail.com', '7754545411', NULL, NULL, 1, 1, 'asdasd', '+4', 7, 4, 'hourly', 'virtual', NULL, NULL, NULL, '2021-03-26 06:54:41', '2021-03-26 06:54:41', 'pending', NULL, NULL, NULL, '', NULL),
(9, 'Jon9', 'Smith', 'jon.smith@gmail.com', '7754545411', NULL, NULL, 1, 1, 'asdasd', '+4', 10, 4, 'hourly', 'virtual', NULL, NULL, NULL, '2021-03-26 06:29:28', '2021-03-26 06:29:28', 'pending', NULL, NULL, NULL, '', NULL),
(10, 'Jon10', 'Smith', 'jon.smith@gmail.com', '7754545411', NULL, NULL, 1, 1, 'asdasd', '+4', 10, 4, 'hourly', 'virtual', NULL, NULL, NULL, '2021-03-26 06:29:27', '2021-03-26 06:29:27', 'pending', NULL, NULL, NULL, '', NULL),
(11, 'Jon11', 'Smith', 'jon.smith@gmail.com', '7754545411', NULL, NULL, 1, 1, 'asdasd', '+4', 10, 2, 'hourly', 'virtual', NULL, NULL, NULL, '2021-06-24 10:52:31', '2021-06-24 06:52:31', 'accept', NULL, NULL, NULL, '', NULL),
(12, 'Jon12', 'Smith', 'jon.smith@gmail.com', '7754545411', NULL, NULL, 1, 1, 'asdasd', '+4', 10, 4, 'hourly', 'virtual', NULL, NULL, NULL, '2021-06-23 14:39:34', '2021-06-23 10:39:34', 'disable', 'Male', 4, 'Lorem Ipsum is simply dummy text of the printing and typesetting industry. Lorem Ipsum has been the industry\'s standard dummy text ever since the 1500s, when an unknown printer took a galley of type and scrambled it to make a type specimen book. It has survived not only five centuries, but also the leap into electronic typesetting, remaining essentially unchanged. It was popularised in the 1960s with the release of Letraset sheets containing Lorem Ipsum passages, and more recently with desktop publishing software like Aldus PageMaker including versions of Lorem Ipsum.', 'a:3:{i:0;a:4:{s:5:\"title\";s:14:\"Services title\";s:5:\"price\";s:4:\"2100\";s:6:\"points\";a:5:{i:0;s:25:\"lorem ipsum dolar si amun\";i:1;s:25:\"lorem ipsum dolar si amun\";i:2;s:25:\"lorem ipsum dolar si amun\";i:3;s:25:\"lorem ipsum dolar si amun\";i:4;s:25:\"lorem ipsum dolar si amun\";}s:7:\"session\";a:2:{i:0;s:14:\"60 min consult\";i:1;s:19:\"30 minute follow up\";}}i:1;a:4:{s:5:\"title\";s:16:\"Services title 1\";s:5:\"price\";s:4:\"2100\";s:6:\"points\";a:4:{i:0;s:25:\"lorem ipsum dolar si amun\";i:1;s:25:\"lorem ipsum dolar si amun\";i:2;s:25:\"lorem ipsum dolar si amun\";i:3;s:25:\"lorem ipsum dolar si amun\";}s:7:\"session\";a:2:{i:0;s:14:\"60 min consult\";i:1;s:19:\"30 minute follow up\";}}i:2;a:4:{s:5:\"title\";s:15:\"Services testtt\";s:5:\"price\";s:4:\"2100\";s:6:\"points\";a:6:{i:0;s:25:\"lorem ipsum dolar si amun\";i:1;s:25:\"lorem ipsum dolar si amun\";i:2;s:25:\"lorem ipsum dolar si amun\";i:3;s:25:\"lorem ipsum dolar si amun\";i:4;s:25:\"lorem ipsum dolar si amun\";i:5;s:25:\"lorem ipsum dolar si amun\";}s:7:\"session\";a:2:{i:0;s:14:\"60 min consult\";i:1;s:19:\"30 minute follow up\";}}}', NULL),
(13, 'sadsadsa', 'sadsadsad', 'okk@mail.ru', '4547578', '$2y$10$lBCUKJhurIHmnQc5XUbFHOHtobUjEKMJHTvivT0a9SDUEMCCRrX0S', NULL, 79, 1329, 'dsfdsf', 's', 18, 4, 'hourly', 'virtual', '1472235839.sql', '1912551028.jpg', '462654764.jpg', '2021-06-25 15:23:03', '2021-06-25 11:23:03', 'disable', NULL, NULL, NULL, NULL, NULL);

-- --------------------------------------------------------

--
-- Table structure for table `practitioner_lang_rel`
--

CREATE TABLE `practitioner_lang_rel` (
  `id` int(11) NOT NULL,
  `practitioner_id` int(11) DEFAULT NULL,
  `lang_id` int(11) DEFAULT NULL
) ENGINE=InnoDB DEFAULT CHARSET=utf8;

--
-- Dumping data for table `practitioner_lang_rel`
--

INSERT INTO `practitioner_lang_rel` (`id`, `practitioner_id`, `lang_id`) VALUES
(1, 1, 1),
(2, 12, 6),
(3, 12, 42);

-- --------------------------------------------------------

--
-- Table structure for table `practitioner_teg_managements`
--

CREATE TABLE `practitioner_teg_managements` (
  `id` int(11) NOT NULL,
  `practitioner_id` int(11) DEFAULT NULL,
  `teg_managements_id` int(11) DEFAULT NULL
) ENGINE=InnoDB DEFAULT CHARSET=utf8;

--
-- Dumping data for table `practitioner_teg_managements`
--

INSERT INTO `practitioner_teg_managements` (`id`, `practitioner_id`, `teg_managements_id`) VALUES
(90, 1, 51),
(91, 1, 50),
(92, 2, 50),
(93, 2, 51);

-- --------------------------------------------------------

--
-- Table structure for table `reviews`
--

CREATE TABLE `reviews` (
  `id` int(11) NOT NULL,
  `practitoner_id` int(11) DEFAULT NULL,
  `user_id` int(11) DEFAULT NULL,
  `created_at` date DEFAULT NULL,
  `rate` int(11) DEFAULT NULL,
  `description` text
) ENGINE=InnoDB DEFAULT CHARSET=utf8;

--
-- Dumping data for table `reviews`
--

INSERT INTO `reviews` (`id`, `practitoner_id`, `user_id`, `created_at`, `rate`, `description`) VALUES
(1, 12, 1, '2021-03-30', 3, 'Lorem Ipsum is simply dummy text of the printing and typesetting industry. Lorem Ipsum has been the industry\'s standard dummy text ever since the 1500s, when an unknown printer took a galley of type and scrambled it to make a type specimen book. It has survived not only five centuries, but also the leap into electronic typesetting, remaining essentially unchanged. It was popularised in the 1960s with the release of Letraset sheets containing Lorem Ipsum passages, and more recently with desktop publishing software like Aldus PageMaker including versions of Lorem Ipsum.'),
(2, 12, 2, '2021-03-30', 4, 'Lorem Ipsum is simply dummy text of the printing and typesetting industry. Lorem Ipsum has been the industry\'s standard dummy text ever since the 1500s, when an unknown printer took a galley of type and scrambled it to make a type specimen book. It has survived not only five centuries, but also the leap into electronic typesetting, remaining essentially unchanged. It was popularised in the 1960s with the release of Letraset sheets containing Lorem Ipsum passages, and more recently with desktop publishing software like Aldus PageMaker including versions of Lorem Ipsum.'),
(3, 12, 3, '2021-03-30', 0, 'Lorem Ipsum is simply dummy text of the printing and typesetting industry. Lorem Ipsum has been the industry\'s standard dummy text ever since the 1500s, when an unknown printer took a galley of type and scrambled it to make a type specimen book. It has survived not only five centuries, but also the leap into electronic typesetting, remaining essentially unchanged. It was popularised in the 1960s with the release of Letraset sheets containing Lorem Ipsum passages, and more recently with desktop publishing software like Aldus PageMaker including versions of Lorem Ipsum.');

-- --------------------------------------------------------

--
-- Table structure for table `specialities`
--

CREATE TABLE `specialities` (
  `id` int(11) NOT NULL,
  `title` varchar(255) DEFAULT NULL,
  `published` tinyint(4) DEFAULT '1'
) ENGINE=InnoDB DEFAULT CHARSET=utf8;

--
-- Dumping data for table `specialities`
--

INSERT INTO `specialities` (`id`, `title`, `published`) VALUES
(1, 'Fertility', 1),
(2, 'Post-natal', 1),
(3, 'Mental Health', 1),
(4, 'Child Health', 1),
(5, 'Skin', 1),
(6, 'Digestion', 1),
(7, 'Care', 1),
(8, 'Sports care', 1),
(9, 'sssss', 1);

-- --------------------------------------------------------

--
-- Table structure for table `teg_managements`
--

CREATE TABLE `teg_managements` (
  `id` int(11) NOT NULL,
  `name` varchar(250) CHARACTER SET utf8mb4 DEFAULT NULL,
  `published` int(11) DEFAULT NULL
) ENGINE=InnoDB DEFAULT CHARSET=utf8;

--
-- Dumping data for table `teg_managements`
--

INSERT INTO `teg_managements` (`id`, `name`, `published`) VALUES
(34, 'eedederrrrrrrrr', 0),
(35, 'ded', 0),
(36, 'edfewd', 0),
(37, 'frfrf', 0),
(38, 'wded', 0),
(39, 'tygy', 0),
(40, 'tygy', 0),
(41, 'tygy', 0),
(42, 'jkuikuik', 0),
(43, 'ghjhgjhgj', 0),
(44, 'yuyiuy', 0),
(45, 'yuytuytutyu', 0),
(46, 'dgfdgfdg', 0),
(47, 'eded', 0),
(48, '2222', 1),
(49, 'mmmm', 0),
(50, 'zzzzz', 1),
(51, 'aaaa', 1),
(52, 'sdsdsd', 0),
(53, 'aaaaaaaaaa', 0),
(54, 'iiiiiiiiiiiiiiiiii', 0);

-- --------------------------------------------------------

--
-- Table structure for table `type_form_practitioner`
--

CREATE TABLE `type_form_practitioner` (
  `id` int(11) NOT NULL,
  `title` varchar(200) DEFAULT NULL,
  `url` text,
  `practitioner_id` int(11) DEFAULT NULL
) ENGINE=InnoDB DEFAULT CHARSET=utf8;

--
-- Dumping data for table `type_form_practitioner`
--

INSERT INTO `type_form_practitioner` (`id`, `title`, `url`, `practitioner_id`) VALUES
(3, 'New form', '<div class=\"typeform-widget\" data-url=\"https://form.typeform.com/to/XUM3YVna?typeform-medium=embed-snippet\" style=\"width: 100%; height: 500px;\"></div> <script> (function() { var qs,js,q,s,d=document, gi=d.getElementById, ce=d.createElement, gt=d.getElementsByTagName, id=\"typef_orm\", b=\"https://embed.typeform.com/\"; if(!gi.call(d,id)) { js=ce.call(d,\"script\"); js.id=id; js.src=b+\"embed.js\"; q=gt.call(d,\"script\")[0]; q.parentNode.insertBefore(js,q) } })() </script>', 1);

-- --------------------------------------------------------

--
-- Table structure for table `users`
--

CREATE TABLE `users` (
  `id` bigint(20) UNSIGNED NOT NULL,
  `first_name` varchar(30) CHARACTER SET utf8 DEFAULT '',
  `last_name` varchar(30) CHARACTER SET utf8 DEFAULT '',
  `phone_number` varchar(30) COLLATE utf8mb4_unicode_ci DEFAULT '',
  `email` varchar(255) COLLATE utf8mb4_unicode_ci NOT NULL,
  `email_verified_at` timestamp NULL DEFAULT NULL,
  `gender` enum('Male','Famale','Other') COLLATE utf8mb4_unicode_ci DEFAULT NULL,
  `password` varchar(255) COLLATE utf8mb4_unicode_ci NOT NULL,
  `remember_token` varchar(100) COLLATE utf8mb4_unicode_ci DEFAULT NULL,
  `created_at` timestamp NULL DEFAULT NULL,
  `updated_at` timestamp NULL DEFAULT NULL,
  `img` varchar(250) COLLATE utf8mb4_unicode_ci DEFAULT NULL
) ENGINE=InnoDB DEFAULT CHARSET=utf8mb4 COLLATE=utf8mb4_unicode_ci;

--
-- Dumping data for table `users`
--

INSERT INTO `users` (`id`, `first_name`, `last_name`, `phone_number`, `email`, `email_verified_at`, `gender`, `password`, `remember_token`, `created_at`, `updated_at`, `img`) VALUES
(1, 'Jon', 'Smith', '7770115454', 'Sil@gmail.com', '0000-00-00 00:00:00', 'Male', '$2y$10$7YeTzf/Z.aAYGhjH584uDe96DEs934VWarwPkXE1HZqT5lTwUJ8T6', NULL, '2021-04-01 09:32:24', NULL, NULL),
(5, 'Jone', 'smith', '5424', 'a480011@mail.ru', NULL, NULL, '$2y$10$1NlbB4SPj5nzgaVbe5LKdeozg7RL.kp..G1eB0tPbvmuXHsP.K27K', 'dLhxIFoU5zHFsWPPXMQUa9czEgmOxt6spUOT0SenqzUG8Xj8jF7EP7OKrqmh', '2021-06-17 03:58:34', '2021-06-18 02:12:16', NULL),
(6, 'ARMAN', 'Vrdoyan', '45242452', '1521521@mail.ru', NULL, NULL, '$2y$10$Tl8P8LZYV7rE9scXiTaeSeKdC3dYJ8uXlJDJpENN3oG/xN5TjSyKK', NULL, '2021-06-17 11:45:39', '2021-06-17 11:45:39', NULL),
(7, 'sadsad', 'sdsadsads', '452452542', 'ok@mail.ru', NULL, NULL, '$2y$10$f.GMosP6tpeDQ4L4JgYlBOTXdPsIsqsinIm8CGXmGtYSsue15gPgK', NULL, '2021-06-17 11:47:21', '2021-06-17 11:47:21', NULL);

-- --------------------------------------------------------

--
-- Table structure for table `user_lang_rel`
--

CREATE TABLE `user_lang_rel` (
  `id` int(11) NOT NULL,
  `user_id` int(11) DEFAULT NULL,
  `lang_id` int(11) DEFAULT NULL
) ENGINE=InnoDB DEFAULT CHARSET=utf8;

--
-- Dumping data for table `user_lang_rel`
--

INSERT INTO `user_lang_rel` (`id`, `user_id`, `lang_id`) VALUES
(1, 1, 1),
(2, 1, 6),
(3, 1, 42);

--
-- Indexes for dumped tables
--

--
-- Indexes for table `admin`
--
ALTER TABLE `admin`
  ADD PRIMARY KEY (`id`),
  ADD UNIQUE KEY `users_email_unique` (`email`);

--
-- Indexes for table `blog`
--
ALTER TABLE `blog`
  ADD PRIMARY KEY (`id`);

--
-- Indexes for table `calendar|timezones`
--
ALTER TABLE `calendar|timezones`
  ADD PRIMARY KEY (`TimeZone`);

--
-- Indexes for table `category`
--
ALTER TABLE `category`
  ADD PRIMARY KEY (`id`);

--
-- Indexes for table `category_title`
--
ALTER TABLE `category_title`
  ADD PRIMARY KEY (`id`);

--
-- Indexes for table `cities`
--
ALTER TABLE `cities`
  ADD PRIMARY KEY (`id`);

--
-- Indexes for table `countries`
--
ALTER TABLE `countries`
  ADD PRIMARY KEY (`id`);

--
-- Indexes for table `failed_jobs`
--
ALTER TABLE `failed_jobs`
  ADD PRIMARY KEY (`id`),
  ADD UNIQUE KEY `failed_jobs_uuid_unique` (`uuid`);

--
-- Indexes for table `images`
--
ALTER TABLE `images`
  ADD PRIMARY KEY (`id`);

--
-- Indexes for table `languages`
--
ALTER TABLE `languages`
  ADD PRIMARY KEY (`id`);

--
-- Indexes for table `migrations`
--
ALTER TABLE `migrations`
  ADD PRIMARY KEY (`id`);

--
-- Indexes for table `password_resets`
--
ALTER TABLE `password_resets`
  ADD KEY `password_resets_email_index` (`email`);

--
-- Indexes for table `practice`
--
ALTER TABLE `practice`
  ADD PRIMARY KEY (`id`);

--
-- Indexes for table `practitioner`
--
ALTER TABLE `practitioner`
  ADD PRIMARY KEY (`id`);

--
-- Indexes for table `practitioner_lang_rel`
--
ALTER TABLE `practitioner_lang_rel`
  ADD PRIMARY KEY (`id`);

--
-- Indexes for table `practitioner_teg_managements`
--
ALTER TABLE `practitioner_teg_managements`
  ADD PRIMARY KEY (`id`);

--
-- Indexes for table `reviews`
--
ALTER TABLE `reviews`
  ADD PRIMARY KEY (`id`);

--
-- Indexes for table `specialities`
--
ALTER TABLE `specialities`
  ADD PRIMARY KEY (`id`);

--
-- Indexes for table `teg_managements`
--
ALTER TABLE `teg_managements`
  ADD PRIMARY KEY (`id`);

--
-- Indexes for table `type_form_practitioner`
--
ALTER TABLE `type_form_practitioner`
  ADD PRIMARY KEY (`id`);

--
-- Indexes for table `users`
--
ALTER TABLE `users`
  ADD PRIMARY KEY (`id`),
  ADD UNIQUE KEY `users_email_unique` (`email`);

--
-- Indexes for table `user_lang_rel`
--
ALTER TABLE `user_lang_rel`
  ADD PRIMARY KEY (`id`);

--
-- AUTO_INCREMENT for dumped tables
--

--
-- AUTO_INCREMENT for table `admin`
--
ALTER TABLE `admin`
  MODIFY `id` bigint(20) UNSIGNED NOT NULL AUTO_INCREMENT, AUTO_INCREMENT=2;

--
-- AUTO_INCREMENT for table `blog`
--
ALTER TABLE `blog`
  MODIFY `id` int(11) NOT NULL AUTO_INCREMENT, AUTO_INCREMENT=15;

--
-- AUTO_INCREMENT for table `category`
--
ALTER TABLE `category`
  MODIFY `id` int(11) NOT NULL AUTO_INCREMENT, AUTO_INCREMENT=19;

--
-- AUTO_INCREMENT for table `category_title`
--
ALTER TABLE `category_title`
  MODIFY `id` int(11) NOT NULL AUTO_INCREMENT, AUTO_INCREMENT=2;

--
-- AUTO_INCREMENT for table `cities`
--
ALTER TABLE `cities`
  MODIFY `id` int(11) NOT NULL AUTO_INCREMENT, AUTO_INCREMENT=2182;

--
-- AUTO_INCREMENT for table `countries`
--
ALTER TABLE `countries`
  MODIFY `id` int(11) NOT NULL AUTO_INCREMENT, AUTO_INCREMENT=247;

--
-- AUTO_INCREMENT for table `failed_jobs`
--
ALTER TABLE `failed_jobs`
  MODIFY `id` bigint(20) UNSIGNED NOT NULL AUTO_INCREMENT;

--
-- AUTO_INCREMENT for table `images`
--
ALTER TABLE `images`
  MODIFY `id` int(10) UNSIGNED NOT NULL AUTO_INCREMENT, AUTO_INCREMENT=34;

--
-- AUTO_INCREMENT for table `languages`
--
ALTER TABLE `languages`
  MODIFY `id` int(11) NOT NULL AUTO_INCREMENT, AUTO_INCREMENT=610;

--
-- AUTO_INCREMENT for table `migrations`
--
ALTER TABLE `migrations`
  MODIFY `id` int(10) UNSIGNED NOT NULL AUTO_INCREMENT, AUTO_INCREMENT=5;

--
-- AUTO_INCREMENT for table `practice`
--
ALTER TABLE `practice`
  MODIFY `id` int(11) NOT NULL AUTO_INCREMENT, AUTO_INCREMENT=26;

--
-- AUTO_INCREMENT for table `practitioner`
--
ALTER TABLE `practitioner`
  MODIFY `id` int(11) NOT NULL AUTO_INCREMENT, AUTO_INCREMENT=14;

--
-- AUTO_INCREMENT for table `practitioner_lang_rel`
--
ALTER TABLE `practitioner_lang_rel`
  MODIFY `id` int(11) NOT NULL AUTO_INCREMENT, AUTO_INCREMENT=4;

--
-- AUTO_INCREMENT for table `practitioner_teg_managements`
--
ALTER TABLE `practitioner_teg_managements`
  MODIFY `id` int(11) NOT NULL AUTO_INCREMENT, AUTO_INCREMENT=94;

--
-- AUTO_INCREMENT for table `reviews`
--
ALTER TABLE `reviews`
  MODIFY `id` int(11) NOT NULL AUTO_INCREMENT, AUTO_INCREMENT=4;

--
-- AUTO_INCREMENT for table `specialities`
--
ALTER TABLE `specialities`
  MODIFY `id` int(11) NOT NULL AUTO_INCREMENT, AUTO_INCREMENT=10;

--
-- AUTO_INCREMENT for table `teg_managements`
--
ALTER TABLE `teg_managements`
  MODIFY `id` int(11) NOT NULL AUTO_INCREMENT, AUTO_INCREMENT=55;

--
-- AUTO_INCREMENT for table `type_form_practitioner`
--
ALTER TABLE `type_form_practitioner`
  MODIFY `id` int(11) NOT NULL AUTO_INCREMENT, AUTO_INCREMENT=4;

--
-- AUTO_INCREMENT for table `users`
--
ALTER TABLE `users`
  MODIFY `id` bigint(20) UNSIGNED NOT NULL AUTO_INCREMENT, AUTO_INCREMENT=8;

--
-- AUTO_INCREMENT for table `user_lang_rel`
--
ALTER TABLE `user_lang_rel`
  MODIFY `id` int(11) NOT NULL AUTO_INCREMENT, AUTO_INCREMENT=4;
COMMIT;

/*!40101 SET CHARACTER_SET_CLIENT=@OLD_CHARACTER_SET_CLIENT */;
/*!40101 SET CHARACTER_SET_RESULTS=@OLD_CHARACTER_SET_RESULTS */;
/*!40101 SET COLLATION_CONNECTION=@OLD_COLLATION_CONNECTION */;
